StartDate,EndDate,RecordedDate,ResponseId,Init,doublerev,version,Title,id,answer,clean_answer,varnum,clean_answer_binned,fullquestion,abbr,Group,clean_group,lulc_group,qnum,ES,survey_order,qa_note,lulc_note,only_lulc,exclude_reason
2020-02-12T18:48:30Z,2020-02-12T18:55:31Z,2020-02-12T18:55:32Z,R_3sieTn2lyDXZibv,NBD,FALSE,final,Floral abundance and richness drive beneficial arthropod conservation and biological control on golf courses,Q25.3_10,Land use change,Land use change,1,Land use and land cover change,"Q12: Which Ecosystem Services were considered?  - Human Driver - Regulation of detrimental organisms and biological processes [e.g. pests, pathogens, predators, competitors, etc. that affect humans, plants and animals]",Driver,Human,Human,LU_LC,Q12,PestPath,116,NA,NA,TRUE,LULC driver only
2020-02-12T18:48:30Z,2020-02-12T18:55:31Z,2020-02-12T18:55:32Z,R_3sieTn2lyDXZibv,NBD,FALSE,final,Floral abundance and richness drive beneficial arthropod conservation and biological control on golf courses,Q19,"Across species  [e.g. community structure, diversity],Among species [e.g., species interactions]","Across species  [e.g. community structure, diversity],Among species [e.g., species interactions]",NA,NA,"Q14: If the study incorporates a 'Service Provider', which service provider(s) does it utilize?",ESP_type,NA,NA,NA,Q14,NA,207,NA,NA,TRUE,LULC driver only
2020-02-12T18:48:30Z,2020-02-12T18:55:31Z,2020-02-12T18:55:32Z,R_3sieTn2lyDXZibv,NBD,FALSE,final,Floral abundance and richness drive beneficial arthropod conservation and biological control on golf courses,Q20,NA,NA,NA,NA,Notes on Q14,KremenNotes,NA,NA,NA,Q14,NA,208,NA,NA,TRUE,LULC driver only
2020-02-12T18:48:42Z,2020-02-12T18:56:54Z,2020-02-12T18:56:54Z,R_2Qzl81Ly2xgf1DU,LD,FALSE,final,Potential tree and soil carbon storage in a major historical floodplain forest with disrupted ecological function,Q25.3_4,Land use change,Land use change,1,Land use and land cover change,Q12: Which Ecosystem Services were considered?  - Human Driver - Regulation of climate [e.g. biological carbon storage and sequestration; methane emissions from wetlands],Driver,Human,Human,LU_LC,Q12,ClimReg,110,NA,NA,TRUE,LULC driver only
2020-02-12T18:48:42Z,2020-02-12T18:56:54Z,2020-02-12T18:56:54Z,R_2Qzl81Ly2xgf1DU,LD,FALSE,final,Potential tree and soil carbon storage in a major historical floodplain forest with disrupted ecological function,Q19,"Multiple ESP species [e.g., multiple focal ESP species]","Multiple ESP species [e.g., multiple focal ESP species]",NA,NA,"Q14: If the study incorporates a 'Service Provider', which service provider(s) does it utilize?",ESP_type,NA,NA,NA,Q14,NA,207,NA,NA,TRUE,LULC driver only
2020-02-12T18:48:42Z,2020-02-12T18:56:54Z,2020-02-12T18:56:54Z,R_2Qzl81Ly2xgf1DU,LD,FALSE,final,Potential tree and soil carbon storage in a major historical floodplain forest with disrupted ecological function,Q20,A bit unclear - I think they did a per tree biomass estimate and summed then converted to C ,A bit unclear - I think they did a per tree biomass estimate and summed then converted to C,NA,NA,Notes on Q14,KremenNotes,NA,NA,NA,Q14,NA,208,NA,NA,TRUE,LULC driver only
2020-02-19T17:13:23Z,2020-02-19T17:29:17Z,2020-02-19T17:29:17Z,R_3esPgdspKhK6aom,LB,FALSE,final,Evaluating the relative influence on population health of domestic gardens and green space along a rural-urban gradient,Q25.3_16,Land use change,Land use change,1,Land use and land cover change,"Q12: Which Ecosystem Services were considered?  - Human Driver - Cultural Services, including Physical and psychological experiences ##do we include this?? [e.g. hunting, fishing, hiking]",Driver,Human,Human,LU_LC,Q12,CulturePsych,122,NA,NA,TRUE,LULC driver only
2020-02-19T17:13:23Z,2020-02-19T17:29:17Z,2020-02-19T17:29:17Z,R_3esPgdspKhK6aom,LB,FALSE,final,Evaluating the relative influence on population health of domestic gardens and green space along a rural-urban gradient,Q19,Only land cover or habitat type as proxy,Only land cover or habitat type as proxy,NA,NA,"Q14: If the study incorporates a 'Service Provider', which service provider(s) does it utilize?",ESP_type,NA,NA,NA,Q14,NA,207,NA,NA,TRUE,LULC driver only
2020-02-19T17:13:23Z,2020-02-19T17:29:17Z,2020-02-19T17:29:17Z,R_3esPgdspKhK6aom,LB,FALSE,final,Evaluating the relative influence on population health of domestic gardens and green space along a rural-urban gradient,Q20,NA,NA,NA,NA,Notes on Q14,KremenNotes,NA,NA,NA,Q14,NA,208,NA,NA,TRUE,LULC driver only
2020-02-19T19:03:14Z,2020-02-19T19:13:55Z,2020-02-19T19:13:55Z,R_2areXsS3KF89rBI,NBD,FALSE,final,Assessing Resilience in Stressed Watersheds,Q25.3_1,Land use change,Land use change,1,Land use and land cover change,Q12: Which Ecosystem Services were considered?  - Human Driver - Habitat creation and maintenance,Driver,Human,Human,LU_LC,Q12,HabCreate,107,NA,NA,TRUE,LULC driver only
2020-02-19T19:03:14Z,2020-02-19T19:13:55Z,2020-02-19T19:13:55Z,R_2areXsS3KF89rBI,NBD,FALSE,final,Assessing Resilience in Stressed Watersheds,Q25.3_12,Land use change,Land use change,1,Land use and land cover change,Q12: Which Ecosystem Services were considered?  - Human Driver - Food and feed,Driver,Human,Human,LU_LC,Q12,Food,118,NA,NA,TRUE,LULC driver only
2020-02-19T19:03:14Z,2020-02-19T19:13:55Z,2020-02-19T19:13:55Z,R_2areXsS3KF89rBI,NBD,FALSE,final,Assessing Resilience in Stressed Watersheds,Q25.3_16,Land use change,Land use change,1,Land use and land cover change,"Q12: Which Ecosystem Services were considered?  - Human Driver - Cultural Services, including Physical and psychological experiences ##do we include this?? [e.g. hunting, fishing, hiking]",Driver,Human,Human,LU_LC,Q12,CulturePsych,122,NA,NA,TRUE,LULC driver only
2020-02-19T19:03:14Z,2020-02-19T19:13:55Z,2020-02-19T19:13:55Z,R_2areXsS3KF89rBI,NBD,FALSE,final,Assessing Resilience in Stressed Watersheds,Q19,NA,NA,NA,NA,"Q14: If the study incorporates a 'Service Provider', which service provider(s) does it utilize?",ESP_type,NA,NA,NA,Q14,NA,207,NA,NA,TRUE,LULC driver only
2020-02-19T19:03:14Z,2020-02-19T19:13:55Z,2020-02-19T19:13:55Z,R_2areXsS3KF89rBI,NBD,FALSE,final,Assessing Resilience in Stressed Watersheds,Q20,NA,NA,NA,NA,Notes on Q14,KremenNotes,NA,NA,NA,Q14,NA,208,NA,NA,TRUE,LULC driver only
2020-02-26T18:16:15Z,2020-02-26T18:32:26Z,2020-02-26T18:32:26Z,R_2rCoLOCzI8mPkDx,AK,FALSE,final,Influence of land use on water quality in a tropical landscape: a multi-scale analysis,Q25.3_7,Land use change,Land use change,1,Land use and land cover change,"Q12: Which Ecosystem Services were considered?  - Human Driver - Regulation of freshwater and coastal water quality [e.g. filtration of particles, pathogens, excess nutrients, and other chemicals]",Driver,Human,Human,LU_LC,Q12,coastWQReg,113,NA,NA,TRUE,LULC driver only
2020-02-26T18:16:15Z,2020-02-26T18:32:26Z,2020-02-26T18:32:26Z,R_2rCoLOCzI8mPkDx,AK,FALSE,final,Influence of land use on water quality in a tropical landscape: a multi-scale analysis,Q19,NA,NA,NA,NA,"Q14: If the study incorporates a 'Service Provider', which service provider(s) does it utilize?",ESP_type,NA,NA,NA,Q14,NA,207,NA,NA,TRUE,LULC driver only
2020-02-26T18:16:15Z,2020-02-26T18:32:26Z,2020-02-26T18:32:26Z,R_2rCoLOCzI8mPkDx,AK,FALSE,final,Influence of land use on water quality in a tropical landscape: a multi-scale analysis,Q20,just measured water quality metrics and land cover surrounding stream sites,just measured water quality metrics and land cover surrounding stream sites,NA,NA,Notes on Q14,KremenNotes,NA,NA,NA,Q14,NA,208,NA,NA,TRUE,LULC driver only
2020-02-26T18:32:47Z,2020-02-26T18:47:34Z,2020-02-26T18:47:34Z,R_26hhXZOzq4brDdp,AK,FALSE,final,Effects of land-use change on wetland ecosystem services: A case study in the Donana marshes (SW Spain),Q25.3_1,Land use change,Land use change,1,Land use and land cover change,Q12: Which Ecosystem Services were considered?  - Human Driver - Habitat creation and maintenance,Driver,Human,Human,LU_LC,Q12,HabCreate,107,NA,NA,TRUE,LULC driver only
2020-02-26T18:32:47Z,2020-02-26T18:47:34Z,2020-02-26T18:47:34Z,R_26hhXZOzq4brDdp,AK,FALSE,final,Effects of land-use change on wetland ecosystem services: A case study in the Donana marshes (SW Spain),Q25.3_2,Land use change,Land use change,1,Land use and land cover change,Q12: Which Ecosystem Services were considered?  - Human Driver - Pollination and dispersal of seeds or other propagules,Driver,Human,Human,LU_LC,Q12,Pollination,108,NA,NA,TRUE,LULC driver only
2020-02-26T18:32:47Z,2020-02-26T18:47:34Z,2020-02-26T18:47:34Z,R_26hhXZOzq4brDdp,AK,FALSE,final,Effects of land-use change on wetland ecosystem services: A case study in the Donana marshes (SW Spain),Q25.3_8,Land use change,Land use change,1,Land use and land cover change,"Q12: Which Ecosystem Services were considered?  - Human Driver - Formation, protection, and decontamination of soils and sediments [e.g decomposition, erosion control]",Driver,Human,Human,LU_LC,Q12,SoilProtect,114,NA,NA,TRUE,LULC driver only
2020-02-26T18:32:47Z,2020-02-26T18:47:34Z,2020-02-26T18:47:34Z,R_26hhXZOzq4brDdp,AK,FALSE,final,Effects of land-use change on wetland ecosystem services: A case study in the Donana marshes (SW Spain),Q25.3_9,Land use change,Land use change,1,Land use and land cover change,"Q12: Which Ecosystem Services were considered?  - Human Driver - Regulation of hazards and extreme events [e.g. amelioration of floods, wind, storms, hurricanes, seawater intrusion]",Driver,Human,Human,LU_LC,Q12,Hazards,115,NA,NA,TRUE,LULC driver only
2020-02-26T18:32:47Z,2020-02-26T18:47:34Z,2020-02-26T18:47:34Z,R_26hhXZOzq4brDdp,AK,FALSE,final,Effects of land-use change on wetland ecosystem services: A case study in the Donana marshes (SW Spain),Q25.3_14,Land use change,Land use change,1,Land use and land cover change,"Q12: Which Ecosystem Services were considered?  - Human Driver - Medicinal, biochemical, and genetic resources [e.g. plant and animal breeding, materials derived from plants, animals, microbes]",Driver,Human,Human,LU_LC,Q12,MedGen,120,NA,NA,TRUE,LULC driver only
2020-02-26T18:32:47Z,2020-02-26T18:47:34Z,2020-02-26T18:47:34Z,R_26hhXZOzq4brDdp,AK,FALSE,final,Effects of land-use change on wetland ecosystem services: A case study in the Donana marshes (SW Spain),Q25.3_16,Land use change,Land use change,1,Land use and land cover change,"Q12: Which Ecosystem Services were considered?  - Human Driver - Cultural Services, including Physical and psychological experiences ##do we include this?? [e.g. hunting, fishing, hiking]",Driver,Human,Human,LU_LC,Q12,CulturePsych,122,NA,NA,TRUE,LULC driver only
2020-02-26T18:32:47Z,2020-02-26T18:47:34Z,2020-02-26T18:47:34Z,R_26hhXZOzq4brDdp,AK,FALSE,final,Effects of land-use change on wetland ecosystem services: A case study in the Donana marshes (SW Spain),Q19,Only land cover or habitat type as proxy,Only land cover or habitat type as proxy,NA,NA,"Q14: If the study incorporates a 'Service Provider', which service provider(s) does it utilize?",ESP_type,NA,NA,NA,Q14,NA,207,NA,NA,TRUE,LULC driver only
2020-02-26T18:32:47Z,2020-02-26T18:47:34Z,2020-02-26T18:47:34Z,R_26hhXZOzq4brDdp,AK,FALSE,final,Effects of land-use change on wetland ecosystem services: A case study in the Donana marshes (SW Spain),Q20,NA,NA,NA,NA,Notes on Q14,KremenNotes,NA,NA,NA,Q14,NA,208,NA,NA,TRUE,LULC driver only
2020-02-26T18:55:48Z,2020-02-26T19:03:51Z,2020-02-26T19:03:52Z,R_26gxhxEXPK8xtep,NBD,FALSE,final,Do landscape patterns reflect ecosystem service provision? - A comparison between protected and unprotected areas throughout the Lake Neusiedl region,Q25.3_1,Land use change,Land use change,1,Land use and land cover change,Q12: Which Ecosystem Services were considered?  - Human Driver - Habitat creation and maintenance,Driver,Human,Human,LU_LC,Q12,HabCreate,107,NA,NA,TRUE,LULC driver only
2020-02-26T18:55:48Z,2020-02-26T19:03:51Z,2020-02-26T19:03:52Z,R_26gxhxEXPK8xtep,NBD,FALSE,final,Do landscape patterns reflect ecosystem service provision? - A comparison between protected and unprotected areas throughout the Lake Neusiedl region,Q25.3_4,Land use change,Land use change,1,Land use and land cover change,Q12: Which Ecosystem Services were considered?  - Human Driver - Regulation of climate [e.g. biological carbon storage and sequestration; methane emissions from wetlands],Driver,Human,Human,LU_LC,Q12,ClimReg,110,NA,NA,TRUE,LULC driver only
2020-02-26T18:55:48Z,2020-02-26T19:03:51Z,2020-02-26T19:03:52Z,R_26gxhxEXPK8xtep,NBD,FALSE,final,Do landscape patterns reflect ecosystem service provision? - A comparison between protected and unprotected areas throughout the Lake Neusiedl region,Q25.3_9,Land use change,Land use change,1,Land use and land cover change,"Q12: Which Ecosystem Services were considered?  - Human Driver - Regulation of hazards and extreme events [e.g. amelioration of floods, wind, storms, hurricanes, seawater intrusion]",Driver,Human,Human,LU_LC,Q12,Hazards,115,NA,NA,TRUE,LULC driver only
2020-02-26T18:55:48Z,2020-02-26T19:03:51Z,2020-02-26T19:03:52Z,R_26gxhxEXPK8xtep,NBD,FALSE,final,Do landscape patterns reflect ecosystem service provision? - A comparison between protected and unprotected areas throughout the Lake Neusiedl region,Q25.3_14,Land use change,Land use change,1,Land use and land cover change,"Q12: Which Ecosystem Services were considered?  - Human Driver - Medicinal, biochemical, and genetic resources [e.g. plant and animal breeding, materials derived from plants, animals, microbes]",Driver,Human,Human,LU_LC,Q12,MedGen,120,NA,NA,TRUE,LULC driver only
2020-02-26T18:55:48Z,2020-02-26T19:03:51Z,2020-02-26T19:03:52Z,R_26gxhxEXPK8xtep,NBD,FALSE,final,Do landscape patterns reflect ecosystem service provision? - A comparison between protected and unprotected areas throughout the Lake Neusiedl region,Q19,NA,NA,NA,NA,"Q14: If the study incorporates a 'Service Provider', which service provider(s) does it utilize?",ESP_type,NA,NA,NA,Q14,NA,207,NA,NA,TRUE,LULC driver only
2020-02-26T18:55:48Z,2020-02-26T19:03:51Z,2020-02-26T19:03:52Z,R_26gxhxEXPK8xtep,NBD,FALSE,final,Do landscape patterns reflect ecosystem service provision? - A comparison between protected and unprotected areas throughout the Lake Neusiedl region,Q20,NA,NA,NA,NA,Notes on Q14,KremenNotes,NA,NA,NA,Q14,NA,208,NA,NA,TRUE,LULC driver only
2020-03-05T22:02:42Z,2020-03-05T22:10:25Z,2020-03-05T22:10:25Z,R_1jC9B6WLP5Fmbar,LB,FALSE,final,"Spatial assessment of the impact of land use and land cover change on supply of ecosystem services in Phewa watershed, Nepal",Q25.3_4,Land use change,Land use change,1,Land use and land cover change,Q12: Which Ecosystem Services were considered?  - Human Driver - Regulation of climate [e.g. biological carbon storage and sequestration; methane emissions from wetlands],Driver,Human,Human,LU_LC,Q12,ClimReg,110,NA,NA,TRUE,"LULC ESP only, Biotic Service provider is cover related and doesn't have any other non-LULC driver"
2020-03-05T22:02:42Z,2020-03-05T22:10:25Z,2020-03-05T22:10:25Z,R_1jC9B6WLP5Fmbar,LB,FALSE,final,"Spatial assessment of the impact of land use and land cover change on supply of ecosystem services in Phewa watershed, Nepal",Q25.3_7,Land use change,Land use change,1,Land use and land cover change,"Q12: Which Ecosystem Services were considered?  - Human Driver - Regulation of freshwater and coastal water quality [e.g. filtration of particles, pathogens, excess nutrients, and other chemicals]",Driver,Human,Human,LU_LC,Q12,coastWQReg,113,NA,NA,TRUE,"LULC ESP only, Biotic Service provider is cover related and doesn't have any other non-LULC driver"
2020-03-05T22:02:42Z,2020-03-05T22:10:25Z,2020-03-05T22:10:25Z,R_1jC9B6WLP5Fmbar,LB,FALSE,final,"Spatial assessment of the impact of land use and land cover change on supply of ecosystem services in Phewa watershed, Nepal",Q25.3_8,Land use change,Land use change,1,Land use and land cover change,"Q12: Which Ecosystem Services were considered?  - Human Driver - Formation, protection, and decontamination of soils and sediments [e.g decomposition, erosion control]",Driver,Human,Human,LU_LC,Q12,SoilProtect,114,NA,NA,TRUE,"LULC ESP only, Biotic Service provider is cover related and doesn't have any other non-LULC driver"
2020-03-05T22:02:42Z,2020-03-05T22:10:25Z,2020-03-05T22:10:25Z,R_1jC9B6WLP5Fmbar,LB,FALSE,final,"Spatial assessment of the impact of land use and land cover change on supply of ecosystem services in Phewa watershed, Nepal",Q25.3_13,Land use change,Land use change,1,Land use and land cover change,"Q12: Which Ecosystem Services were considered?  - Human Driver - Materials and assistance [e.g. wood, fibers, waxes, paper, resins, dyes, pearls, shells, ornamental plants, pets, herders]",Driver,Human,Human,LU_LC,Q12,Materials,119,NA,NA,TRUE,"LULC ESP only, Biotic Service provider is cover related and doesn't have any other non-LULC driver"
2020-03-05T22:02:42Z,2020-03-05T22:10:25Z,2020-03-05T22:10:25Z,R_1jC9B6WLP5Fmbar,LB,FALSE,final,"Spatial assessment of the impact of land use and land cover change on supply of ecosystem services in Phewa watershed, Nepal",Q25.3_16,Land use change,Land use change,1,Land use and land cover change,"Q12: Which Ecosystem Services were considered?  - Human Driver - Cultural Services, including Physical and psychological experiences ##do we include this?? [e.g. hunting, fishing, hiking]",Driver,Human,Human,LU_LC,Q12,CulturePsych,122,NA,NA,TRUE,"LULC ESP only, Biotic Service provider is cover related and doesn't have any other non-LULC driver"
2020-03-05T22:02:42Z,2020-03-05T22:10:25Z,2020-03-05T22:10:25Z,R_1jC9B6WLP5Fmbar,LB,FALSE,final,"Spatial assessment of the impact of land use and land cover change on supply of ecosystem services in Phewa watershed, Nepal",Q25.4_4,Service Provider (Q17),Service Provider (Q17),2,Service provider identity,Q12: Which Ecosystem Services were considered?  - Biotic Driver - Regulation of climate [e.g. biological carbon storage and sequestration; methane emissions from wetlands],Driver,Biotic,Biotic,LU_LC,Q12,ClimReg,126,NA,Reviewer noted ESP type is land cover or habitat proxy. Reclassed Service Provider driver from Biotic to Land Use Land Cover driver type.,TRUE,"LULC ESP only, Biotic Service provider is cover related and doesn't have any other non-LULC driver"
2020-03-05T22:02:42Z,2020-03-05T22:10:25Z,2020-03-05T22:10:25Z,R_1jC9B6WLP5Fmbar,LB,FALSE,final,"Spatial assessment of the impact of land use and land cover change on supply of ecosystem services in Phewa watershed, Nepal",Q25.4_7,Service Provider (Q17),Service Provider (Q17),2,Service provider identity,"Q12: Which Ecosystem Services were considered?  - Biotic Driver - Regulation of freshwater and coastal water quality [e.g. filtration of particles, pathogens, excess nutrients, and other chemicals]",Driver,Biotic,Biotic,LU_LC,Q12,coastWQReg,129,NA,Reviewer noted ESP type is land cover or habitat proxy. Reclassed Service Provider driver from Biotic to Land Use Land Cover driver type.,TRUE,"LULC ESP only, Biotic Service provider is cover related and doesn't have any other non-LULC driver"
2020-03-05T22:02:42Z,2020-03-05T22:10:25Z,2020-03-05T22:10:25Z,R_1jC9B6WLP5Fmbar,LB,FALSE,final,"Spatial assessment of the impact of land use and land cover change on supply of ecosystem services in Phewa watershed, Nepal",Q25.4_8,Service Provider (Q17),Service Provider (Q17),2,Service provider identity,"Q12: Which Ecosystem Services were considered?  - Biotic Driver - Formation, protection, and decontamination of soils and sediments [e.g decomposition, erosion control]",Driver,Biotic,Biotic,LU_LC,Q12,SoilProtect,130,NA,Reviewer noted ESP type is land cover or habitat proxy. Reclassed Service Provider driver from Biotic to Land Use Land Cover driver type.,TRUE,"LULC ESP only, Biotic Service provider is cover related and doesn't have any other non-LULC driver"
2020-03-05T22:02:42Z,2020-03-05T22:10:25Z,2020-03-05T22:10:25Z,R_1jC9B6WLP5Fmbar,LB,FALSE,final,"Spatial assessment of the impact of land use and land cover change on supply of ecosystem services in Phewa watershed, Nepal",Q25.4_13,Service Provider (Q17),Service Provider (Q17),2,Service provider identity,"Q12: Which Ecosystem Services were considered?  - Biotic Driver - Materials and assistance [e.g. wood, fibers, waxes, paper, resins, dyes, pearls, shells, ornamental plants, pets, herders]",Driver,Biotic,Biotic,LU_LC,Q12,Materials,135,NA,Reviewer noted ESP type is land cover or habitat proxy. Reclassed Service Provider driver from Biotic to Land Use Land Cover driver type.,TRUE,"LULC ESP only, Biotic Service provider is cover related and doesn't have any other non-LULC driver"
2020-03-05T22:02:42Z,2020-03-05T22:10:25Z,2020-03-05T22:10:25Z,R_1jC9B6WLP5Fmbar,LB,FALSE,final,"Spatial assessment of the impact of land use and land cover change on supply of ecosystem services in Phewa watershed, Nepal",Q25.4_16,Service Provider (Q17),Service Provider (Q17),2,Service provider identity,"Q12: Which Ecosystem Services were considered?  - Biotic Driver - Cultural Services, including Physical and psychological experiences ##do we include this?? [e.g. hunting, fishing, hiking]",Driver,Biotic,Biotic,LU_LC,Q12,CulturePsych,138,NA,Reviewer noted ESP type is land cover or habitat proxy. Reclassed Service Provider driver from Biotic to Land Use Land Cover driver type.,TRUE,"LULC ESP only, Biotic Service provider is cover related and doesn't have any other non-LULC driver"
2020-03-05T22:02:42Z,2020-03-05T22:10:25Z,2020-03-05T22:10:25Z,R_1jC9B6WLP5Fmbar,LB,FALSE,final,"Spatial assessment of the impact of land use and land cover change on supply of ecosystem services in Phewa watershed, Nepal",Q19,Only land cover or habitat type as proxy,Only land cover or habitat type as proxy,NA,NA,"Q14: If the study incorporates a 'Service Provider', which service provider(s) does it utilize?",ESP_type,NA,NA,NA,Q14,NA,207,NA,NA,TRUE,"LULC ESP only, Biotic Service provider is cover related and doesn't have any other non-LULC driver"
2020-03-05T22:02:42Z,2020-03-05T22:10:25Z,2020-03-05T22:10:25Z,R_1jC9B6WLP5Fmbar,LB,FALSE,final,"Spatial assessment of the impact of land use and land cover change on supply of ecosystem services in Phewa watershed, Nepal",Q20,NA,NA,NA,NA,Notes on Q14,KremenNotes,NA,NA,NA,Q14,NA,208,NA,NA,TRUE,"LULC ESP only, Biotic Service provider is cover related and doesn't have any other non-LULC driver"
2020-03-06T23:07:12Z,2020-03-06T23:39:18Z,2020-03-06T23:39:19Z,R_BLCcWj9QyFkEovL,TM,FALSE,final,Realizing ecosystem services: wetland hydrologic function along a gradient of ecosystem condition,Q25.3_6,Land use change,Land use change,1,Land use and land cover change,"Q12: Which Ecosystem Services were considered?  - Human Driver - Regulation of freshwater quantity, location and timing [e.g. flow of surface and groundwater used for drinking, irrigation]",Driver,Human,Human,LU_LC,Q12,freshWQReg,112,NA,NA,TRUE,LULC driver only
2020-03-06T23:07:12Z,2020-03-06T23:39:18Z,2020-03-06T23:39:19Z,R_BLCcWj9QyFkEovL,TM,FALSE,final,Realizing ecosystem services: wetland hydrologic function along a gradient of ecosystem condition,Q19,NA,NA,NA,NA,"Q14: If the study incorporates a 'Service Provider', which service provider(s) does it utilize?",ESP_type,NA,NA,NA,Q14,NA,207,NA,NA,TRUE,LULC driver only
2020-03-06T23:07:12Z,2020-03-06T23:39:18Z,2020-03-06T23:39:19Z,R_BLCcWj9QyFkEovL,TM,FALSE,final,Realizing ecosystem services: wetland hydrologic function along a gradient of ecosystem condition,Q20,NA,NA,NA,NA,Notes on Q14,KremenNotes,NA,NA,NA,Q14,NA,208,NA,NA,TRUE,LULC driver only
2020-03-09T18:46:39Z,2020-03-09T19:42:34Z,2020-03-09T19:42:35Z,R_2SHXlFRl1HFN1e0,JL,TRUE,original,Ecosystem Properties of Urban Land Covers at the Aboveground-Belowground Interface,Q25.3_4,Land use change,Land use change,1,Land use and land cover change,Q12: Which Ecosystem Services were considered?  - Human Driver - Regulation of climate [e.g. biological carbon storage and sequestration; methane emissions from wetlands],Driver,Human,Human,LU_LC,Q12,ClimReg,110,NA,NA,TRUE,LULC driver only
2020-03-09T18:46:39Z,2020-03-09T19:42:34Z,2020-03-09T19:42:35Z,R_2SHXlFRl1HFN1e0,JL,TRUE,original,Ecosystem Properties of Urban Land Covers at the Aboveground-Belowground Interface,Q25.3_8,Land use change,Land use change,1,Land use and land cover change,"Q12: Which Ecosystem Services were considered?  - Human Driver - Formation, protection, and decontamination of soils and sediments [e.g decomposition, erosion control]",Driver,Human,Human,LU_LC,Q12,SoilProtect,114,NA,NA,TRUE,LULC driver only
2020-03-09T18:46:39Z,2020-03-09T19:42:34Z,2020-03-09T19:42:35Z,R_2SHXlFRl1HFN1e0,JL,TRUE,original,Ecosystem Properties of Urban Land Covers at the Aboveground-Belowground Interface,Q25.3_16,Land use change,Land use change,1,Land use and land cover change,"Q12: Which Ecosystem Services were considered?  - Human Driver - Cultural Services, including Physical and psychological experiences ##do we include this?? [e.g. hunting, fishing, hiking]",Driver,Human,Human,LU_LC,Q12,CulturePsych,122,NA,NA,TRUE,LULC driver only
2020-03-09T18:46:39Z,2020-03-09T19:42:34Z,2020-03-09T19:42:35Z,R_2SHXlFRl1HFN1e0,JL,TRUE,original,Ecosystem Properties of Urban Land Covers at the Aboveground-Belowground Interface,Q19,NA,NA,NA,NA,"Q14: If the study incorporates a 'Service Provider', which service provider(s) does it utilize?",ESP_type,NA,NA,NA,Q14,NA,207,NA,NA,TRUE,LULC driver only
2020-03-09T18:46:39Z,2020-03-09T19:42:34Z,2020-03-09T19:42:35Z,R_2SHXlFRl1HFN1e0,JL,TRUE,original,Ecosystem Properties of Urban Land Covers at the Aboveground-Belowground Interface,Q20,"I debated whether earthworms could be considered an ESP, but the focus here is on how urban land cover effects earthworms, not on how earth worms provide key ES's... I suppose I see earthworms as one of many proxies for soil EF/ES rather than an ESP here.","I debated whether earthworms could be considered an ESP, but the focus here is on how urban land cover effects earthworms, not on how earth worms provide key ES's... I suppose I see earthworms as one of many proxies for soil EF/ES rather than an ESP here.",NA,NA,Notes on Q14,KremenNotes,NA,NA,NA,Q14,NA,208,NA,NA,TRUE,LULC driver only
2020-03-10T20:30:59Z,2020-03-10T21:19:15Z,2020-03-10T21:19:16Z,R_2wFhQRqqex9ZeyX,TM,FALSE,final,"The Monteregie Connection: linking landscapes, biodiversity, and ecosystem services to improve decision making",Q25.3_2,Land use change,Land use change,1,Land use and land cover change,Q12: Which Ecosystem Services were considered?  - Human Driver - Pollination and dispersal of seeds or other propagules,Driver,Human,Human,LU_LC,Q12,Pollination,108,NA,NA,TRUE,LULC driver only
2020-03-10T20:30:59Z,2020-03-10T21:19:15Z,2020-03-10T21:19:16Z,R_2wFhQRqqex9ZeyX,TM,FALSE,final,"The Monteregie Connection: linking landscapes, biodiversity, and ecosystem services to improve decision making",Q25.3_4,Land use change,Land use change,1,Land use and land cover change,Q12: Which Ecosystem Services were considered?  - Human Driver - Regulation of climate [e.g. biological carbon storage and sequestration; methane emissions from wetlands],Driver,Human,Human,LU_LC,Q12,ClimReg,110,NA,NA,TRUE,LULC driver only
2020-03-10T20:30:59Z,2020-03-10T21:19:15Z,2020-03-10T21:19:16Z,R_2wFhQRqqex9ZeyX,TM,FALSE,final,"The Monteregie Connection: linking landscapes, biodiversity, and ecosystem services to improve decision making",Q25.3_7,Land use change,Land use change,1,Land use and land cover change,"Q12: Which Ecosystem Services were considered?  - Human Driver - Regulation of freshwater and coastal water quality [e.g. filtration of particles, pathogens, excess nutrients, and other chemicals]",Driver,Human,Human,LU_LC,Q12,coastWQReg,113,NA,NA,TRUE,LULC driver only
2020-03-10T20:30:59Z,2020-03-10T21:19:15Z,2020-03-10T21:19:16Z,R_2wFhQRqqex9ZeyX,TM,FALSE,final,"The Monteregie Connection: linking landscapes, biodiversity, and ecosystem services to improve decision making",Q25.3_8,Land use change,Land use change,1,Land use and land cover change,"Q12: Which Ecosystem Services were considered?  - Human Driver - Formation, protection, and decontamination of soils and sediments [e.g decomposition, erosion control]",Driver,Human,Human,LU_LC,Q12,SoilProtect,114,NA,NA,TRUE,LULC driver only
2020-03-10T20:30:59Z,2020-03-10T21:19:15Z,2020-03-10T21:19:16Z,R_2wFhQRqqex9ZeyX,TM,FALSE,final,"The Monteregie Connection: linking landscapes, biodiversity, and ecosystem services to improve decision making",Q25.3_9,Land use change,Land use change,1,Land use and land cover change,"Q12: Which Ecosystem Services were considered?  - Human Driver - Regulation of hazards and extreme events [e.g. amelioration of floods, wind, storms, hurricanes, seawater intrusion]",Driver,Human,Human,LU_LC,Q12,Hazards,115,NA,NA,TRUE,LULC driver only
2020-03-10T20:30:59Z,2020-03-10T21:19:15Z,2020-03-10T21:19:16Z,R_2wFhQRqqex9ZeyX,TM,FALSE,final,"The Monteregie Connection: linking landscapes, biodiversity, and ecosystem services to improve decision making",Q25.3_10,Land use change,Land use change,1,Land use and land cover change,"Q12: Which Ecosystem Services were considered?  - Human Driver - Regulation of detrimental organisms and biological processes [e.g. pests, pathogens, predators, competitors, etc. that affect humans, plants and animals]",Driver,Human,Human,LU_LC,Q12,PestPath,116,NA,NA,TRUE,LULC driver only
2020-03-10T20:30:59Z,2020-03-10T21:19:15Z,2020-03-10T21:19:16Z,R_2wFhQRqqex9ZeyX,TM,FALSE,final,"The Monteregie Connection: linking landscapes, biodiversity, and ecosystem services to improve decision making",Q25.3_12,Land use change,Land use change,1,Land use and land cover change,Q12: Which Ecosystem Services were considered?  - Human Driver - Food and feed,Driver,Human,Human,LU_LC,Q12,Food,118,NA,NA,TRUE,LULC driver only
2020-03-10T20:30:59Z,2020-03-10T21:19:15Z,2020-03-10T21:19:16Z,R_2wFhQRqqex9ZeyX,TM,FALSE,final,"The Monteregie Connection: linking landscapes, biodiversity, and ecosystem services to improve decision making",Q25.3_16,Land use change,Land use change,1,Land use and land cover change,"Q12: Which Ecosystem Services were considered?  - Human Driver - Cultural Services, including Physical and psychological experiences ##do we include this?? [e.g. hunting, fishing, hiking]",Driver,Human,Human,LU_LC,Q12,CulturePsych,122,NA,NA,TRUE,LULC driver only
2020-03-10T20:30:59Z,2020-03-10T21:19:15Z,2020-03-10T21:19:16Z,R_2wFhQRqqex9ZeyX,TM,FALSE,final,"The Monteregie Connection: linking landscapes, biodiversity, and ecosystem services to improve decision making",Q19,Only land cover or habitat type as proxy,Only land cover or habitat type as proxy,NA,NA,"Q14: If the study incorporates a 'Service Provider', which service provider(s) does it utilize?",ESP_type,NA,NA,NA,Q14,NA,207,NA,NA,TRUE,LULC driver only
2020-03-10T20:30:59Z,2020-03-10T21:19:15Z,2020-03-10T21:19:16Z,R_2wFhQRqqex9ZeyX,TM,FALSE,final,"The Monteregie Connection: linking landscapes, biodiversity, and ecosystem services to improve decision making",Q20,NA,NA,NA,NA,Notes on Q14,KremenNotes,NA,NA,NA,Q14,NA,208,NA,NA,TRUE,LULC driver only
2020-03-11T17:31:23Z,2020-03-11T17:51:15Z,2020-03-11T17:51:15Z,R_31WydZ14DUuPl2O,AK,FALSE,final,Environmental Conservation and Social Benefits of Charcoal Production in Mozambique,Q25.3_12,Land use change,Land use change,1,Land use and land cover change,Q12: Which Ecosystem Services were considered?  - Human Driver - Food and feed,Driver,Human,Human,LU_LC,Q12,Food,118,NA,NA,TRUE,LULC driver only
2020-03-11T17:31:23Z,2020-03-11T17:51:15Z,2020-03-11T17:51:15Z,R_31WydZ14DUuPl2O,AK,FALSE,final,Environmental Conservation and Social Benefits of Charcoal Production in Mozambique,Q25.3_13,Land use change,Land use change,1,Land use and land cover change,"Q12: Which Ecosystem Services were considered?  - Human Driver - Materials and assistance [e.g. wood, fibers, waxes, paper, resins, dyes, pearls, shells, ornamental plants, pets, herders]",Driver,Human,Human,LU_LC,Q12,Materials,119,NA,NA,TRUE,LULC driver only
2020-03-11T17:31:23Z,2020-03-11T17:51:15Z,2020-03-11T17:51:15Z,R_31WydZ14DUuPl2O,AK,FALSE,final,Environmental Conservation and Social Benefits of Charcoal Production in Mozambique,Q19,NA,NA,NA,NA,"Q14: If the study incorporates a 'Service Provider', which service provider(s) does it utilize?",ESP_type,NA,NA,NA,Q14,NA,207,NA,NA,TRUE,LULC driver only
2020-03-11T17:31:23Z,2020-03-11T17:51:15Z,2020-03-11T17:51:15Z,R_31WydZ14DUuPl2O,AK,FALSE,final,Environmental Conservation and Social Benefits of Charcoal Production in Mozambique,Q20,NA,NA,NA,NA,Notes on Q14,KremenNotes,NA,NA,NA,Q14,NA,208,NA,NA,TRUE,LULC driver only
2020-03-13T20:41:48Z,2020-03-13T20:57:31Z,2020-03-13T20:57:31Z,R_1BWNUmAC7SrJWbM,TM,FALSE,final,Comparative Assessment of Mangrove Biomass and Fish Assemblages in an Urban and Rural Mangrove Wetlands in Ghana,Q25.3_11,Land use change,Land use change,1,Land use and land cover change,"Q12: Which Ecosystem Services were considered?  - Human Driver - Energy [e.g.  biomass-based fuels, such as biofuel crops, animal waste, fuelwood]",Driver,Human,Human,LU_LC,Q12,Energy,117,NA,NA,TRUE,LULC driver only
2020-03-13T20:41:48Z,2020-03-13T20:57:31Z,2020-03-13T20:57:31Z,R_1BWNUmAC7SrJWbM,TM,FALSE,final,Comparative Assessment of Mangrove Biomass and Fish Assemblages in an Urban and Rural Mangrove Wetlands in Ghana,Q25.3_12,Land use change,Land use change,1,Land use and land cover change,Q12: Which Ecosystem Services were considered?  - Human Driver - Food and feed,Driver,Human,Human,LU_LC,Q12,Food,118,NA,NA,TRUE,LULC driver only
2020-03-13T20:41:48Z,2020-03-13T20:57:31Z,2020-03-13T20:57:31Z,R_1BWNUmAC7SrJWbM,TM,FALSE,final,Comparative Assessment of Mangrove Biomass and Fish Assemblages in an Urban and Rural Mangrove Wetlands in Ghana,Q19,NA,NA,NA,NA,"Q14: If the study incorporates a 'Service Provider', which service provider(s) does it utilize?",ESP_type,NA,NA,NA,Q14,NA,207,NA,NA,TRUE,LULC driver only
2020-03-13T20:41:48Z,2020-03-13T20:57:31Z,2020-03-13T20:57:31Z,R_1BWNUmAC7SrJWbM,TM,FALSE,final,Comparative Assessment of Mangrove Biomass and Fish Assemblages in an Urban and Rural Mangrove Wetlands in Ghana,Q20,Using biomass and community of woody material and fish communities as a proxy for ecosystem services ,Using biomass and community of woody material and fish communities as a proxy for ecosystem services,NA,NA,Notes on Q14,KremenNotes,NA,NA,NA,Q14,NA,208,NA,NA,TRUE,LULC driver only
2020-03-18T15:57:27Z,2020-03-18T16:19:20Z,2020-03-18T16:19:20Z,R_3rHzypBwpvVvybG,IS,FALSE,final,Larger Area Facilitates Richness-Function Effects in Experimental Microcosms,Q25.2_7,Other,Other,NA,Other,"Q12: Which Ecosystem Services were considered?  - Environmental Driver - Regulation of freshwater and coastal water quality [e.g. filtration of particles, pathogens, excess nutrients, and other chemicals]",Driver,Environmental,Environmental,LU_LC,Q12,coastWQReg,97,NA,Other driver(s) entered in Environmental driver type recoded to Land Use Land Cover type. Updated 'Other' driver to LULC group for consistency.,TRUE,LULC driver only
2020-03-18T15:57:27Z,2020-03-18T16:19:20Z,2020-03-18T16:19:20Z,R_3rHzypBwpvVvybG,IS,FALSE,final,Larger Area Facilitates Richness-Function Effects in Experimental Microcosms,Q17,dish area (habitat area),dish area (habitat area),1,Land cover,List Other Environmental Driver from Q12 (sep. with commas),OtherDriver,Environmental,Environmental,LU_LC,Q12,coastWQReg,203.07,Infilled ES from Driver where 'Other' specified,NA,TRUE,LULC driver only
2020-03-18T15:57:27Z,2020-03-18T16:19:20Z,2020-03-18T16:19:20Z,R_3rHzypBwpvVvybG,IS,FALSE,final,Larger Area Facilitates Richness-Function Effects in Experimental Microcosms,Q19,"Across species  [e.g. community structure, diversity]","Across species  [e.g. community structure, diversity]",NA,NA,"Q14: If the study incorporates a 'Service Provider', which service provider(s) does it utilize?",ESP_type,NA,NA,NA,Q14,NA,207,NA,NA,TRUE,LULC driver only
2020-03-18T15:57:27Z,2020-03-18T16:19:20Z,2020-03-18T16:19:20Z,R_3rHzypBwpvVvybG,IS,FALSE,final,Larger Area Facilitates Richness-Function Effects in Experimental Microcosms,Q20,NA,NA,NA,NA,Notes on Q14,KremenNotes,NA,NA,NA,Q14,NA,208,NA,NA,TRUE,LULC driver only
2020-03-24T16:29:43Z,2020-03-24T17:32:46Z,2020-03-24T17:32:47Z,R_RlCDrcf5G0L2329,AIS,FALSE,final,Ecosystem service bundles along the urban-rural gradient: Insights for landscape planning and management,Q25.3_3,NA,Other,NA,Other,"Q12: Which Ecosystem Services were considered?  - Human Driver - Regulation of air quality [e.g. levels of sulphur oxide, nitrogen oxides (NOx), filtration of pollutants]",Driver,Human,Human,LU_LC,Q12,AQReg,109,Reviewer correction,Other driver(s) entered in Human driver type recoded to Land Use Land Cover type. Updated 'Other' driver to LULC group for consistency.,TRUE,LULC driver only
2020-03-24T16:29:43Z,2020-03-24T17:32:46Z,2020-03-24T17:32:47Z,R_RlCDrcf5G0L2329,AIS,FALSE,final,Ecosystem service bundles along the urban-rural gradient: Insights for landscape planning and management,Q25.3_4,NA,Other,NA,Other,Q12: Which Ecosystem Services were considered?  - Human Driver - Regulation of climate [e.g. biological carbon storage and sequestration; methane emissions from wetlands],Driver,Human,Human,LU_LC,Q12,ClimReg,110,Reviewer correction,Other driver(s) entered in Human driver type recoded to Land Use Land Cover type. Updated 'Other' driver to LULC group for consistency.,TRUE,LULC driver only
2020-03-24T16:29:43Z,2020-03-24T17:32:46Z,2020-03-24T17:32:47Z,R_RlCDrcf5G0L2329,AIS,FALSE,final,Ecosystem service bundles along the urban-rural gradient: Insights for landscape planning and management,Q25.3_8,NA,Other,NA,Other,"Q12: Which Ecosystem Services were considered?  - Human Driver - Formation, protection, and decontamination of soils and sediments [e.g decomposition, erosion control]",Driver,Human,Human,LU_LC,Q12,SoilProtect,114,Reviewer correction,Other driver(s) entered in Human driver type recoded to Land Use Land Cover type. Updated 'Other' driver to LULC group for consistency.,TRUE,LULC driver only
2020-03-24T16:29:43Z,2020-03-24T17:32:46Z,2020-03-24T17:32:47Z,R_RlCDrcf5G0L2329,AIS,FALSE,final,Ecosystem service bundles along the urban-rural gradient: Insights for landscape planning and management,Q25.3_12,NA,Other,NA,Other,Q12: Which Ecosystem Services were considered?  - Human Driver - Food and feed,Driver,Human,Human,LU_LC,Q12,Food,118,Reviewer correction,Other driver(s) entered in Human driver type recoded to Land Use Land Cover type. Updated 'Other' driver to LULC group for consistency.,TRUE,LULC driver only
2020-03-24T16:29:43Z,2020-03-24T17:32:46Z,2020-03-24T17:32:47Z,R_RlCDrcf5G0L2329,AIS,FALSE,final,Ecosystem service bundles along the urban-rural gradient: Insights for landscape planning and management,Q25.3_16,NA,Other,NA,Other,"Q12: Which Ecosystem Services were considered?  - Human Driver - Cultural Services, including Physical and psychological experiences ##do we include this?? [e.g. hunting, fishing, hiking]",Driver,Human,Human,LU_LC,Q12,CulturePsych,122,Reviewer correction,Other driver(s) entered in Human driver type recoded to Land Use Land Cover type. Updated 'Other' driver to LULC group for consistency.,TRUE,LULC driver only
2020-03-24T16:29:43Z,2020-03-24T17:32:46Z,2020-03-24T17:32:47Z,R_RlCDrcf5G0L2329,AIS,FALSE,final,Ecosystem service bundles along the urban-rural gradient: Insights for landscape planning and management,Q25,NA,Urban development,1,Land use and land cover change,List Other Human Driver from Q12 (sep. with commas),OtherDriver,Human,Human,LU_LC,Q12,AQReg,204.03,Reviewer correction; Infilled ES from Driver where 'Other' specified,NA,TRUE,LULC driver only
2020-03-24T16:29:43Z,2020-03-24T17:32:46Z,2020-03-24T17:32:47Z,R_RlCDrcf5G0L2329,AIS,FALSE,final,Ecosystem service bundles along the urban-rural gradient: Insights for landscape planning and management,Q25,NA,Urban development,1,Land use and land cover change,List Other Human Driver from Q12 (sep. with commas),OtherDriver,Human,Human,LU_LC,Q12,ClimReg,204.04,Reviewer correction; Infilled ES from Driver where 'Other' specified,NA,TRUE,LULC driver only
2020-03-24T16:29:43Z,2020-03-24T17:32:46Z,2020-03-24T17:32:47Z,R_RlCDrcf5G0L2329,AIS,FALSE,final,Ecosystem service bundles along the urban-rural gradient: Insights for landscape planning and management,Q25,NA,Urban development,1,Land use and land cover change,List Other Human Driver from Q12 (sep. with commas),OtherDriver,Human,Human,LU_LC,Q12,SoilProtect,204.08,Reviewer correction; Infilled ES from Driver where 'Other' specified,NA,TRUE,LULC driver only
2020-03-24T16:29:43Z,2020-03-24T17:32:46Z,2020-03-24T17:32:47Z,R_RlCDrcf5G0L2329,AIS,FALSE,final,Ecosystem service bundles along the urban-rural gradient: Insights for landscape planning and management,Q25,NA,Urban development,1,Land use and land cover change,List Other Human Driver from Q12 (sep. with commas),OtherDriver,Human,Human,LU_LC,Q12,Food,204.12,Reviewer correction; Infilled ES from Driver where 'Other' specified,NA,TRUE,LULC driver only
2020-03-24T16:29:43Z,2020-03-24T17:32:46Z,2020-03-24T17:32:47Z,R_RlCDrcf5G0L2329,AIS,FALSE,final,Ecosystem service bundles along the urban-rural gradient: Insights for landscape planning and management,Q25,NA,Urban development,1,Land use and land cover change,List Other Human Driver from Q12 (sep. with commas),OtherDriver,Human,Human,LU_LC,Q12,CulturePsych,204.16,Reviewer correction; Infilled ES from Driver where 'Other' specified,NA,TRUE,LULC driver only
2020-03-24T16:29:43Z,2020-03-24T17:32:46Z,2020-03-24T17:32:47Z,R_RlCDrcf5G0L2329,AIS,FALSE,final,Ecosystem service bundles along the urban-rural gradient: Insights for landscape planning and management,Q19,NA,NA,NA,NA,"Q14: If the study incorporates a 'Service Provider', which service provider(s) does it utilize?",ESP_type,NA,NA,NA,Q14,NA,207,NA,NA,TRUE,LULC driver only
2020-03-24T16:29:43Z,2020-03-24T17:32:46Z,2020-03-24T17:32:47Z,R_RlCDrcf5G0L2329,AIS,FALSE,final,Ecosystem service bundles along the urban-rural gradient: Insights for landscape planning and management,Q20,NA,NA,NA,NA,Notes on Q14,KremenNotes,NA,NA,NA,Q14,NA,208,NA,NA,TRUE,LULC driver only
2020-03-24T19:30:31Z,2020-03-24T19:58:50Z,2020-03-24T19:58:51Z,R_2QgKnZOgVMTFZY0,AIS,FALSE,final,"An agent-based approach to modeling impacts of agricultural policy on land use, biodiversity and ecosystem services",Q25.3_12,Land use change,Land use change,1,Land use and land cover change,Q12: Which Ecosystem Services were considered?  - Human Driver - Food and feed,Driver,Human,Human,LU_LC,Q12,Food,118,NA,NA,TRUE,LULC driver only
2020-03-24T19:30:31Z,2020-03-24T19:58:50Z,2020-03-24T19:58:51Z,R_2QgKnZOgVMTFZY0,AIS,FALSE,final,"An agent-based approach to modeling impacts of agricultural policy on land use, biodiversity and ecosystem services",Q19,NA,NA,NA,NA,"Q14: If the study incorporates a 'Service Provider', which service provider(s) does it utilize?",ESP_type,NA,NA,NA,Q14,NA,207,NA,NA,TRUE,LULC driver only
2020-03-24T19:30:31Z,2020-03-24T19:58:50Z,2020-03-24T19:58:51Z,R_2QgKnZOgVMTFZY0,AIS,FALSE,final,"An agent-based approach to modeling impacts of agricultural policy on land use, biodiversity and ecosystem services",Q20,NA,NA,NA,NA,Notes on Q14,KremenNotes,NA,NA,NA,Q14,NA,208,NA,NA,TRUE,LULC driver only
2020-03-27T16:45:44Z,2020-03-27T17:01:06Z,2020-03-27T17:01:08Z,R_2aWvKeu2mLdTrPs,GV,FALSE,final,Forest fragments modulate the provision of multiple ecosystem services,Q25.4_4,Other,Other,NA,Other,Q12: Which Ecosystem Services were considered?  - Biotic Driver - Regulation of climate [e.g. biological carbon storage and sequestration; methane emissions from wetlands],Driver,Biotic,Environmental,LU_LC,Q12,ClimReg,126,Other driver reclassed to Land cover (clean_group == Env) to standardize with similar variables.,Other driver(s) entered in Environmental driver type recoded to Land Use Land Cover type. Updated 'Other' driver to LULC group for consistency.,TRUE,LULC driver only
2020-03-27T16:45:44Z,2020-03-27T17:01:06Z,2020-03-27T17:01:08Z,R_2aWvKeu2mLdTrPs,GV,FALSE,final,Forest fragments modulate the provision of multiple ecosystem services,Q25.4_7,Other,Other,NA,Other,"Q12: Which Ecosystem Services were considered?  - Biotic Driver - Regulation of freshwater and coastal water quality [e.g. filtration of particles, pathogens, excess nutrients, and other chemicals]",Driver,Biotic,Environmental,LU_LC,Q12,coastWQReg,129,Other driver reclassed to Land cover (clean_group == Env) to standardize with similar variables.,Other driver(s) entered in Environmental driver type recoded to Land Use Land Cover type. Updated 'Other' driver to LULC group for consistency.,TRUE,LULC driver only
2020-03-27T16:45:44Z,2020-03-27T17:01:06Z,2020-03-27T17:01:08Z,R_2aWvKeu2mLdTrPs,GV,FALSE,final,Forest fragments modulate the provision of multiple ecosystem services,Q25.4_8,Other,Other,NA,Other,"Q12: Which Ecosystem Services were considered?  - Biotic Driver - Formation, protection, and decontamination of soils and sediments [e.g decomposition, erosion control]",Driver,Biotic,Environmental,LU_LC,Q12,SoilProtect,130,Other driver reclassed to Land cover (clean_group == Env) to standardize with similar variables.,Other driver(s) entered in Environmental driver type recoded to Land Use Land Cover type. Updated 'Other' driver to LULC group for consistency.,TRUE,LULC driver only
2020-03-27T16:45:44Z,2020-03-27T17:01:06Z,2020-03-27T17:01:08Z,R_2aWvKeu2mLdTrPs,GV,FALSE,final,Forest fragments modulate the provision of multiple ecosystem services,Q25.4_10,Other,Other,NA,Other,"Q12: Which Ecosystem Services were considered?  - Biotic Driver - Regulation of detrimental organisms and biological processes [e.g. pests, pathogens, predators, competitors, etc. that affect humans, plants and animals]",Driver,Biotic,Environmental,LU_LC,Q12,PestPath,132,Other driver reclassed to Land cover (clean_group == Env) to standardize with similar variables.,Other driver(s) entered in Environmental driver type recoded to Land Use Land Cover type. Updated 'Other' driver to LULC group for consistency.,TRUE,LULC driver only
2020-03-27T16:45:44Z,2020-03-27T17:01:06Z,2020-03-27T17:01:08Z,R_2aWvKeu2mLdTrPs,GV,FALSE,final,Forest fragments modulate the provision of multiple ecosystem services,Q25.4_12,Other,Other,NA,Other,Q12: Which Ecosystem Services were considered?  - Biotic Driver - Food and feed,Driver,Biotic,Environmental,LU_LC,Q12,Food,134,Other driver reclassed to Land cover (clean_group == Env) to standardize with similar variables.,Other driver(s) entered in Environmental driver type recoded to Land Use Land Cover type. Updated 'Other' driver to LULC group for consistency.,TRUE,LULC driver only
2020-03-27T16:45:44Z,2020-03-27T17:01:06Z,2020-03-27T17:01:08Z,R_2aWvKeu2mLdTrPs,GV,FALSE,final,Forest fragments modulate the provision of multiple ecosystem services,Q26,Adjacent forest fragment size and isolation,Adjacent forest fragment size and isolation,1,Land cover,List Other Biotic Driver from Q12 (sep. with commas),OtherDriver,Biotic,Environmental,LU_LC,Q12,ClimReg,205.04,Infilled ES from Driver where 'Other' specified; Other driver reclassed to Land cover (clean_group == Env) to standardize with similar variables.,NA,TRUE,LULC driver only
2020-03-27T16:45:44Z,2020-03-27T17:01:06Z,2020-03-27T17:01:08Z,R_2aWvKeu2mLdTrPs,GV,FALSE,final,Forest fragments modulate the provision of multiple ecosystem services,Q26,Adjacent forest fragment size and isolation,Adjacent forest fragment size and isolation,1,Land cover,List Other Biotic Driver from Q12 (sep. with commas),OtherDriver,Biotic,Environmental,LU_LC,Q12,coastWQReg,205.07,Infilled ES from Driver where 'Other' specified; Other driver reclassed to Land cover (clean_group == Env) to standardize with similar variables.,NA,TRUE,LULC driver only
2020-03-27T16:45:44Z,2020-03-27T17:01:06Z,2020-03-27T17:01:08Z,R_2aWvKeu2mLdTrPs,GV,FALSE,final,Forest fragments modulate the provision of multiple ecosystem services,Q26,Adjacent forest fragment size and isolation,Adjacent forest fragment size and isolation,1,Land cover,List Other Biotic Driver from Q12 (sep. with commas),OtherDriver,Biotic,Environmental,LU_LC,Q12,SoilProtect,205.08,Infilled ES from Driver where 'Other' specified; Other driver reclassed to Land cover (clean_group == Env) to standardize with similar variables.,NA,TRUE,LULC driver only
2020-03-27T16:45:44Z,2020-03-27T17:01:06Z,2020-03-27T17:01:08Z,R_2aWvKeu2mLdTrPs,GV,FALSE,final,Forest fragments modulate the provision of multiple ecosystem services,Q26,Adjacent forest fragment size and isolation,Adjacent forest fragment size and isolation,1,Land cover,List Other Biotic Driver from Q12 (sep. with commas),OtherDriver,Biotic,Environmental,LU_LC,Q12,PestPath,205.1,Infilled ES from Driver where 'Other' specified; Other driver reclassed to Land cover (clean_group == Env) to standardize with similar variables.,NA,TRUE,LULC driver only
2020-03-27T16:45:44Z,2020-03-27T17:01:06Z,2020-03-27T17:01:08Z,R_2aWvKeu2mLdTrPs,GV,FALSE,final,Forest fragments modulate the provision of multiple ecosystem services,Q26,Adjacent forest fragment size and isolation,Adjacent forest fragment size and isolation,1,Land cover,List Other Biotic Driver from Q12 (sep. with commas),OtherDriver,Biotic,Environmental,LU_LC,Q12,Food,205.12,Infilled ES from Driver where 'Other' specified; Other driver reclassed to Land cover (clean_group == Env) to standardize with similar variables.,NA,TRUE,LULC driver only
2020-03-27T16:45:44Z,2020-03-27T17:01:06Z,2020-03-27T17:01:08Z,R_2aWvKeu2mLdTrPs,GV,FALSE,final,Forest fragments modulate the provision of multiple ecosystem services,Q19,NA,NA,NA,NA,"Q14: If the study incorporates a 'Service Provider', which service provider(s) does it utilize?",ESP_type,NA,NA,NA,Q14,NA,207,NA,NA,TRUE,LULC driver only
2020-03-27T16:45:44Z,2020-03-27T17:01:06Z,2020-03-27T17:01:08Z,R_2aWvKeu2mLdTrPs,GV,FALSE,final,Forest fragments modulate the provision of multiple ecosystem services,Q20,NA,NA,NA,NA,Notes on Q14,KremenNotes,NA,NA,NA,Q14,NA,208,NA,NA,TRUE,LULC driver only
2020-03-30T22:24:58Z,2020-03-30T22:36:56Z,2020-03-30T22:36:57Z,R_3s1wnnG0s4XeT5H,GV,FALSE,final,Evaluating the eco-environment benefit of land reclamation in the dump of an opencast coal mine,Q25.3_1,Land use change,Land use change,1,Land use and land cover change,Q12: Which Ecosystem Services were considered?  - Human Driver - Habitat creation and maintenance,Driver,Human,Human,LU_LC,Q12,HabCreate,107,NA,NA,TRUE,LULC driver only
2020-03-30T22:24:58Z,2020-03-30T22:36:56Z,2020-03-30T22:36:57Z,R_3s1wnnG0s4XeT5H,GV,FALSE,final,Evaluating the eco-environment benefit of land reclamation in the dump of an opencast coal mine,Q25.3_3,Land use change,Land use change,1,Land use and land cover change,"Q12: Which Ecosystem Services were considered?  - Human Driver - Regulation of air quality [e.g. levels of sulphur oxide, nitrogen oxides (NOx), filtration of pollutants]",Driver,Human,Human,LU_LC,Q12,AQReg,109,NA,NA,TRUE,LULC driver only
2020-03-30T22:24:58Z,2020-03-30T22:36:56Z,2020-03-30T22:36:57Z,R_3s1wnnG0s4XeT5H,GV,FALSE,final,Evaluating the eco-environment benefit of land reclamation in the dump of an opencast coal mine,Q25.3_4,Land use change,Land use change,1,Land use and land cover change,Q12: Which Ecosystem Services were considered?  - Human Driver - Regulation of climate [e.g. biological carbon storage and sequestration; methane emissions from wetlands],Driver,Human,Human,LU_LC,Q12,ClimReg,110,NA,NA,TRUE,LULC driver only
2020-03-30T22:24:58Z,2020-03-30T22:36:56Z,2020-03-30T22:36:57Z,R_3s1wnnG0s4XeT5H,GV,FALSE,final,Evaluating the eco-environment benefit of land reclamation in the dump of an opencast coal mine,Q25.3_6,Land use change,Land use change,1,Land use and land cover change,"Q12: Which Ecosystem Services were considered?  - Human Driver - Regulation of freshwater quantity, location and timing [e.g. flow of surface and groundwater used for drinking, irrigation]",Driver,Human,Human,LU_LC,Q12,freshWQReg,112,NA,NA,TRUE,LULC driver only
2020-03-30T22:24:58Z,2020-03-30T22:36:56Z,2020-03-30T22:36:57Z,R_3s1wnnG0s4XeT5H,GV,FALSE,final,Evaluating the eco-environment benefit of land reclamation in the dump of an opencast coal mine,Q25.3_8,Land use change,Land use change,1,Land use and land cover change,"Q12: Which Ecosystem Services were considered?  - Human Driver - Formation, protection, and decontamination of soils and sediments [e.g decomposition, erosion control]",Driver,Human,Human,LU_LC,Q12,SoilProtect,114,NA,NA,TRUE,LULC driver only
2020-03-30T22:24:58Z,2020-03-30T22:36:56Z,2020-03-30T22:36:57Z,R_3s1wnnG0s4XeT5H,GV,FALSE,final,Evaluating the eco-environment benefit of land reclamation in the dump of an opencast coal mine,Q25.3_12,Land use change,Land use change,1,Land use and land cover change,Q12: Which Ecosystem Services were considered?  - Human Driver - Food and feed,Driver,Human,Human,LU_LC,Q12,Food,118,NA,NA,TRUE,LULC driver only
2020-03-30T22:24:58Z,2020-03-30T22:36:56Z,2020-03-30T22:36:57Z,R_3s1wnnG0s4XeT5H,GV,FALSE,final,Evaluating the eco-environment benefit of land reclamation in the dump of an opencast coal mine,Q25.3_13,Land use change,Land use change,1,Land use and land cover change,"Q12: Which Ecosystem Services were considered?  - Human Driver - Materials and assistance [e.g. wood, fibers, waxes, paper, resins, dyes, pearls, shells, ornamental plants, pets, herders]",Driver,Human,Human,LU_LC,Q12,Materials,119,NA,NA,TRUE,LULC driver only
2020-03-30T22:24:58Z,2020-03-30T22:36:56Z,2020-03-30T22:36:57Z,R_3s1wnnG0s4XeT5H,GV,FALSE,final,Evaluating the eco-environment benefit of land reclamation in the dump of an opencast coal mine,Q25.3_16,Land use change,Land use change,1,Land use and land cover change,"Q12: Which Ecosystem Services were considered?  - Human Driver - Cultural Services, including Physical and psychological experiences ##do we include this?? [e.g. hunting, fishing, hiking]",Driver,Human,Human,LU_LC,Q12,CulturePsych,122,NA,NA,TRUE,LULC driver only
2020-03-30T22:24:58Z,2020-03-30T22:36:56Z,2020-03-30T22:36:57Z,R_3s1wnnG0s4XeT5H,GV,FALSE,final,Evaluating the eco-environment benefit of land reclamation in the dump of an opencast coal mine,Q19,Only land cover or habitat type as proxy,Only land cover or habitat type as proxy,NA,NA,"Q14: If the study incorporates a 'Service Provider', which service provider(s) does it utilize?",ESP_type,NA,NA,NA,Q14,NA,207,NA,NA,TRUE,LULC driver only
2020-03-30T22:24:58Z,2020-03-30T22:36:56Z,2020-03-30T22:36:57Z,R_3s1wnnG0s4XeT5H,GV,FALSE,final,Evaluating the eco-environment benefit of land reclamation in the dump of an opencast coal mine,Q20,Only calculated services from land cover type.,Only calculated services from land cover type.,NA,NA,Notes on Q14,KremenNotes,NA,NA,NA,Q14,NA,208,NA,NA,TRUE,LULC driver only
2020-04-06T19:41:30Z,2020-04-06T19:51:14Z,2020-04-06T19:51:14Z,R_uybIHoZdPUK4Fbz,LD,TRUE,original,"Riparian canopy expansion in an urban landscape: Multiple drivers of vegetation change along headwater streams near Sacramento, California",Q25.3_1,Other,Other,NA,Other,Q12: Which Ecosystem Services were considered?  - Human Driver - Habitat creation and maintenance,Driver,Human,Human,LU_LC,Q12,HabCreate,107,NA,Other driver(s) entered in Human driver type recoded to Land Use Land Cover type. Updated 'Other' driver to LULC group for consistency.,TRUE,"LULC ESP only, Biotic Service provider is cover related and doesn't have any other non-LULC driver"
2020-04-06T19:41:30Z,2020-04-06T19:51:14Z,2020-04-06T19:51:14Z,R_uybIHoZdPUK4Fbz,LD,TRUE,original,"Riparian canopy expansion in an urban landscape: Multiple drivers of vegetation change along headwater streams near Sacramento, California",Q25.4_6,Other,Other,NA,Other,"Q12: Which Ecosystem Services were considered?  - Biotic Driver - Regulation of freshwater quantity, location and timing [e.g. flow of surface and groundwater used for drinking, irrigation]",Driver,Biotic,Biotic,LU_LC,Q12,freshWQReg,128,NA,Reviewer noted ESP type is land cover or habitat proxy. Reviewed and reclassed Biotic other driver reported to Land Use Land Cover driver type.,TRUE,"LULC ESP only, Biotic Service provider is cover related and doesn't have any other non-LULC driver"
2020-04-06T19:41:30Z,2020-04-06T19:51:14Z,2020-04-06T19:51:14Z,R_uybIHoZdPUK4Fbz,LD,TRUE,original,"Riparian canopy expansion in an urban landscape: Multiple drivers of vegetation change along headwater streams near Sacramento, California",Q25,urbanization,urbanization,1,Land use and land cover change,List Other Human Driver from Q12 (sep. with commas),OtherDriver,Human,Human,LU_LC,Q12,HabCreate,204.01,Infilled ES from Driver where 'Other' specified,NA,TRUE,"LULC ESP only, Biotic Service provider is cover related and doesn't have any other non-LULC driver"
2020-04-06T19:41:30Z,2020-04-06T19:51:14Z,2020-04-06T19:51:14Z,R_uybIHoZdPUK4Fbz,LD,TRUE,original,"Riparian canopy expansion in an urban landscape: Multiple drivers of vegetation change along headwater streams near Sacramento, California",Q26,riparian canopy ,riparian canopy,1,Biotic characteristics of the plot,List Other Biotic Driver from Q12 (sep. with commas),OtherDriver,Biotic,Biotic,LU_LC,Q12,freshWQReg,205.06,Infilled ES from Driver where 'Other' specified,Reviewer noted ESP type is land cover or habitat proxy. Reviewed and reclassed Biotic other driver reported to Land Use Land Cover driver type.,TRUE,"LULC ESP only, Biotic Service provider is cover related and doesn't have any other non-LULC driver"
2020-04-06T19:41:30Z,2020-04-06T19:51:14Z,2020-04-06T19:51:14Z,R_uybIHoZdPUK4Fbz,LD,TRUE,original,"Riparian canopy expansion in an urban landscape: Multiple drivers of vegetation change along headwater streams near Sacramento, California",Q19,Only land cover or habitat type as proxy,Only land cover or habitat type as proxy,NA,NA,"Q14: If the study incorporates a 'Service Provider', which service provider(s) does it utilize?",ESP_type,NA,NA,NA,Q14,NA,207,NA,NA,TRUE,"LULC ESP only, Biotic Service provider is cover related and doesn't have any other non-LULC driver"
2020-04-06T19:41:30Z,2020-04-06T19:51:14Z,2020-04-06T19:51:14Z,R_uybIHoZdPUK4Fbz,LD,TRUE,original,"Riparian canopy expansion in an urban landscape: Multiple drivers of vegetation change along headwater streams near Sacramento, California",Q20,riparian canopy abundance mentioned as an ESP but not quantified.,riparian canopy abundance mentioned as an ESP but not quantified.,NA,NA,Notes on Q14,KremenNotes,NA,NA,NA,Q14,NA,208,NA,NA,TRUE,"LULC ESP only, Biotic Service provider is cover related and doesn't have any other non-LULC driver"
2020-04-07T15:49:05Z,2020-04-07T16:20:06Z,2020-04-07T16:20:06Z,R_3kzgKF4fExHgnkF,CK,FALSE,final,Land-use trade-offs between tree biodiversity and crop production in the Atlantic Forest,Q25.3_12,Land use change,Land use change,1,Land use and land cover change,Q12: Which Ecosystem Services were considered?  - Human Driver - Food and feed,Driver,Human,Human,LU_LC,Q12,Food,118,NA,NA,TRUE,"LULC ESP only, Biotic Service provider is cover related and doesn't have any other non-LULC driver"
2020-04-07T15:49:05Z,2020-04-07T16:20:06Z,2020-04-07T16:20:06Z,R_3kzgKF4fExHgnkF,CK,FALSE,final,Land-use trade-offs between tree biodiversity and crop production in the Atlantic Forest,Q25.3_15,Land use change,Land use change,1,Land use and land cover change,"Q12: Which Ecosystem Services were considered?  - Human Driver - Maintenance of options [e.g. benefits (including those of future generations) associated with the continued existence of a wide variety of species, populations and genotypes]",Driver,Human,Human,LU_LC,Q12,MaintainOpts,121,NA,NA,TRUE,"LULC ESP only, Biotic Service provider is cover related and doesn't have any other non-LULC driver"
2020-04-07T15:49:05Z,2020-04-07T16:20:06Z,2020-04-07T16:20:06Z,R_3kzgKF4fExHgnkF,CK,FALSE,final,Land-use trade-offs between tree biodiversity and crop production in the Atlantic Forest,Q25.4_12,Other,Other,NA,Other,Q12: Which Ecosystem Services were considered?  - Biotic Driver - Food and feed,Driver,Biotic,Biotic,LU_LC,Q12,Food,134,NA,Reviewer noted ESP type is land cover or habitat proxy. Reviewed and reclassed Biotic other driver reported to Land Use Land Cover driver type.,TRUE,"LULC ESP only, Biotic Service provider is cover related and doesn't have any other non-LULC driver"
2020-04-07T15:49:05Z,2020-04-07T16:20:06Z,2020-04-07T16:20:06Z,R_3kzgKF4fExHgnkF,CK,FALSE,final,Land-use trade-offs between tree biodiversity and crop production in the Atlantic Forest,Q26,NA,Forest type (dense; mixed; seasonal),2,Biotic characteristics of the plot,List Other Biotic Driver from Q12 (sep. with commas),OtherDriver,Biotic,Biotic,LU_LC,Q12,Food,205.12,"Other driver missing, reviewed and corrected by CTW; Infilled ES from Driver where 'Other' specified",Reviewer noted ESP type is land cover or habitat proxy. Reviewed and reclassed Biotic other driver reported to Land Use Land Cover driver type.,TRUE,"LULC ESP only, Biotic Service provider is cover related and doesn't have any other non-LULC driver"
2020-04-07T15:49:05Z,2020-04-07T16:20:06Z,2020-04-07T16:20:06Z,R_3kzgKF4fExHgnkF,CK,FALSE,final,Land-use trade-offs between tree biodiversity and crop production in the Atlantic Forest,Q19,Only land cover or habitat type as proxy,Only land cover or habitat type as proxy,NA,NA,"Q14: If the study incorporates a 'Service Provider', which service provider(s) does it utilize?",ESP_type,NA,NA,NA,Q14,NA,207,NA,NA,TRUE,"LULC ESP only, Biotic Service provider is cover related and doesn't have any other non-LULC driver"
2020-04-07T15:49:05Z,2020-04-07T16:20:06Z,2020-04-07T16:20:06Z,R_3kzgKF4fExHgnkF,CK,FALSE,final,Land-use trade-offs between tree biodiversity and crop production in the Atlantic Forest,Q20,NA,NA,NA,NA,Notes on Q14,KremenNotes,NA,NA,NA,Q14,NA,208,NA,NA,TRUE,"LULC ESP only, Biotic Service provider is cover related and doesn't have any other non-LULC driver"
2020-04-08T14:23:45Z,2020-04-08T14:58:34Z,2020-04-08T14:58:36Z,R_AzdHSPizkCLvthD,IS,FALSE,final,Mapping ecosystem services in New York City: Applying a social-ecological approach in urban vacant land,Q25.3_1,Land use change,Land use change,1,Land use and land cover change,Q12: Which Ecosystem Services were considered?  - Human Driver - Habitat creation and maintenance,Driver,Human,Human,LU_LC,Q12,HabCreate,107,NA,NA,TRUE,LULC driver only
2020-04-08T14:23:45Z,2020-04-08T14:58:34Z,2020-04-08T14:58:36Z,R_AzdHSPizkCLvthD,IS,FALSE,final,Mapping ecosystem services in New York City: Applying a social-ecological approach in urban vacant land,Q25.3_3,Land use change,Land use change,1,Land use and land cover change,"Q12: Which Ecosystem Services were considered?  - Human Driver - Regulation of air quality [e.g. levels of sulphur oxide, nitrogen oxides (NOx), filtration of pollutants]",Driver,Human,Human,LU_LC,Q12,AQReg,109,NA,NA,TRUE,LULC driver only
2020-04-08T14:23:45Z,2020-04-08T14:58:34Z,2020-04-08T14:58:36Z,R_AzdHSPizkCLvthD,IS,FALSE,final,Mapping ecosystem services in New York City: Applying a social-ecological approach in urban vacant land,Q25.3_4,Land use change,Land use change,1,Land use and land cover change,Q12: Which Ecosystem Services were considered?  - Human Driver - Regulation of climate [e.g. biological carbon storage and sequestration; methane emissions from wetlands],Driver,Human,Human,LU_LC,Q12,ClimReg,110,NA,NA,TRUE,LULC driver only
2020-04-08T14:23:45Z,2020-04-08T14:58:34Z,2020-04-08T14:58:36Z,R_AzdHSPizkCLvthD,IS,FALSE,final,Mapping ecosystem services in New York City: Applying a social-ecological approach in urban vacant land,Q25.3_9,Land use change,Land use change,1,Land use and land cover change,"Q12: Which Ecosystem Services were considered?  - Human Driver - Regulation of hazards and extreme events [e.g. amelioration of floods, wind, storms, hurricanes, seawater intrusion]",Driver,Human,Human,LU_LC,Q12,Hazards,115,NA,NA,TRUE,LULC driver only
2020-04-08T14:23:45Z,2020-04-08T14:58:34Z,2020-04-08T14:58:36Z,R_AzdHSPizkCLvthD,IS,FALSE,final,Mapping ecosystem services in New York City: Applying a social-ecological approach in urban vacant land,Q25.3_12,Land use change,Land use change,1,Land use and land cover change,Q12: Which Ecosystem Services were considered?  - Human Driver - Food and feed,Driver,Human,Human,LU_LC,Q12,Food,118,NA,NA,TRUE,LULC driver only
2020-04-08T14:23:45Z,2020-04-08T14:58:34Z,2020-04-08T14:58:36Z,R_AzdHSPizkCLvthD,IS,FALSE,final,Mapping ecosystem services in New York City: Applying a social-ecological approach in urban vacant land,Q25.3_16,Land use change,Land use change,1,Land use and land cover change,"Q12: Which Ecosystem Services were considered?  - Human Driver - Cultural Services, including Physical and psychological experiences ##do we include this?? [e.g. hunting, fishing, hiking]",Driver,Human,Human,LU_LC,Q12,CulturePsych,122,NA,NA,TRUE,LULC driver only
2020-04-08T14:23:45Z,2020-04-08T14:58:34Z,2020-04-08T14:58:36Z,R_AzdHSPizkCLvthD,IS,FALSE,final,Mapping ecosystem services in New York City: Applying a social-ecological approach in urban vacant land,Q19,Only land cover or habitat type as proxy,Only land cover or habitat type as proxy,NA,NA,"Q14: If the study incorporates a 'Service Provider', which service provider(s) does it utilize?",ESP_type,NA,NA,NA,Q14,NA,207,NA,NA,TRUE,LULC driver only
2020-04-08T14:23:45Z,2020-04-08T14:58:34Z,2020-04-08T14:58:36Z,R_AzdHSPizkCLvthD,IS,FALSE,final,Mapping ecosystem services in New York City: Applying a social-ecological approach in urban vacant land,Q20,NA,NA,NA,NA,Notes on Q14,KremenNotes,NA,NA,NA,Q14,NA,208,NA,NA,TRUE,LULC driver only
2020-04-10T03:09:57Z,2020-04-10T04:17:01Z,2020-04-10T04:17:01Z,R_2Y5iVKlJho6sj12,TK,FALSE,final,"Habitat conversion, extinction thresholds, and pollination services in agroecosystems",Q25.3_2,Land use change,Land use change,1,Land use and land cover change,Q12: Which Ecosystem Services were considered?  - Human Driver - Pollination and dispersal of seeds or other propagules,Driver,Human,Human,LU_LC,Q12,Pollination,108,NA,NA,TRUE,LULC driver only
2020-04-10T03:09:57Z,2020-04-10T04:17:01Z,2020-04-10T04:17:01Z,R_2Y5iVKlJho6sj12,TK,FALSE,final,"Habitat conversion, extinction thresholds, and pollination services in agroecosystems",Q19,NA,NA,NA,NA,"Q14: If the study incorporates a 'Service Provider', which service provider(s) does it utilize?",ESP_type,NA,NA,NA,Q14,NA,207,NA,NA,TRUE,LULC driver only
2020-04-10T03:09:57Z,2020-04-10T04:17:01Z,2020-04-10T04:17:01Z,R_2Y5iVKlJho6sj12,TK,FALSE,final,"Habitat conversion, extinction thresholds, and pollination services in agroecosystems",Q20,NA,NA,NA,NA,Notes on Q14,KremenNotes,NA,NA,NA,Q14,NA,208,NA,NA,TRUE,LULC driver only
2020-04-10T05:00:08Z,2020-04-10T16:23:20Z,2020-04-10T16:23:20Z,R_OvCFrp97r8Hposx,TK,FALSE,final,Effects of habitat composition and landscape structure on worker foraging distances of five bumble bee species,Q25.3_2,Land use change,Land use change,1,Land use and land cover change,Q12: Which Ecosystem Services were considered?  - Human Driver - Pollination and dispersal of seeds or other propagules,Driver,Human,Human,LU_LC,Q12,Pollination,108,NA,NA,TRUE,LULC driver only
2020-04-10T05:00:08Z,2020-04-10T16:23:20Z,2020-04-10T16:23:20Z,R_OvCFrp97r8Hposx,TK,FALSE,final,Effects of habitat composition and landscape structure on worker foraging distances of five bumble bee species,Q19,"Multiple ESP species [e.g., multiple focal ESP species]","Multiple ESP species [e.g., multiple focal ESP species]",NA,NA,"Q14: If the study incorporates a 'Service Provider', which service provider(s) does it utilize?",ESP_type,NA,NA,NA,Q14,NA,207,NA,NA,TRUE,LULC driver only
2020-04-10T05:00:08Z,2020-04-10T16:23:20Z,2020-04-10T16:23:20Z,R_OvCFrp97r8Hposx,TK,FALSE,final,Effects of habitat composition and landscape structure on worker foraging distances of five bumble bee species,Q20,NA,NA,NA,NA,Notes on Q14,KremenNotes,NA,NA,NA,Q14,NA,208,NA,NA,TRUE,LULC driver only
2020-04-14T21:49:53Z,2020-04-14T22:03:26Z,2020-04-14T22:03:27Z,R_3j0tccnODmW2Q6p,TM,FALSE,final,Divergent flows of avian-mediated ecosystem services across forest-matrix interfaces in human-modified landscapes,Q25.3_2,Land use change,Land use change,1,Land use and land cover change,Q12: Which Ecosystem Services were considered?  - Human Driver - Pollination and dispersal of seeds or other propagules,Driver,Human,Human,LU_LC,Q12,Pollination,108,NA,NA,TRUE,LULC driver only
2020-04-14T21:49:53Z,2020-04-14T22:03:26Z,2020-04-14T22:03:27Z,R_3j0tccnODmW2Q6p,TM,FALSE,final,Divergent flows of avian-mediated ecosystem services across forest-matrix interfaces in human-modified landscapes,Q25.3_4,Land use change,Land use change,1,Land use and land cover change,Q12: Which Ecosystem Services were considered?  - Human Driver - Regulation of climate [e.g. biological carbon storage and sequestration; methane emissions from wetlands],Driver,Human,Human,LU_LC,Q12,ClimReg,110,NA,NA,TRUE,LULC driver only
2020-04-14T21:49:53Z,2020-04-14T22:03:26Z,2020-04-14T22:03:27Z,R_3j0tccnODmW2Q6p,TM,FALSE,final,Divergent flows of avian-mediated ecosystem services across forest-matrix interfaces in human-modified landscapes,Q19,"Multiple ESP species [e.g., multiple focal ESP species]","Multiple ESP species [e.g., multiple focal ESP species]",NA,NA,"Q14: If the study incorporates a 'Service Provider', which service provider(s) does it utilize?",ESP_type,NA,NA,NA,Q14,NA,207,NA,NA,TRUE,LULC driver only
2020-04-14T21:49:53Z,2020-04-14T22:03:26Z,2020-04-14T22:03:27Z,R_3j0tccnODmW2Q6p,TM,FALSE,final,Divergent flows of avian-mediated ecosystem services across forest-matrix interfaces in human-modified landscapes,Q20,NA,NA,NA,NA,Notes on Q14,KremenNotes,NA,NA,NA,Q14,NA,208,NA,NA,TRUE,LULC driver only
2020-04-15T05:10:40Z,2020-04-15T14:26:47Z,2020-04-15T14:26:48Z,R_2Ppp9qnF9grgzqZ,TK,FALSE,final,Stable nitrogen and carbon isotope ratios in wild native honeybees: the influence of land use and climate,Q25.3_2,Land use change,Land use change,1,Land use and land cover change,Q12: Which Ecosystem Services were considered?  - Human Driver - Pollination and dispersal of seeds or other propagules,Driver,Human,Human,LU_LC,Q12,Pollination,108,NA,NA,TRUE,LULC driver only
2020-04-15T05:10:40Z,2020-04-15T14:26:47Z,2020-04-15T14:26:48Z,R_2Ppp9qnF9grgzqZ,TK,FALSE,final,Stable nitrogen and carbon isotope ratios in wild native honeybees: the influence of land use and climate,Q19,"Single species  [e.g. ESPs, single species]","Single species  [e.g. ESPs, single species]",NA,NA,"Q14: If the study incorporates a 'Service Provider', which service provider(s) does it utilize?",ESP_type,NA,NA,NA,Q14,NA,207,NA,NA,TRUE,LULC driver only
2020-04-15T05:10:40Z,2020-04-15T14:26:47Z,2020-04-15T14:26:48Z,R_2Ppp9qnF9grgzqZ,TK,FALSE,final,Stable nitrogen and carbon isotope ratios in wild native honeybees: the influence of land use and climate,Q20,NA,NA,NA,NA,Notes on Q14,KremenNotes,NA,NA,NA,Q14,NA,208,NA,NA,TRUE,LULC driver only
2020-04-16T17:34:25Z,2020-04-16T17:42:34Z,2020-04-16T17:42:35Z,R_1nZ3zam9eKzkMiG,KCG,FALSE,final,Non-native fruit trees facilitate colonization of native forest on abandoned farmland,Q25.3_15,Land use change,Land use change,1,Land use and land cover change,"Q12: Which Ecosystem Services were considered?  - Human Driver - Maintenance of options [e.g. benefits (including those of future generations) associated with the continued existence of a wide variety of species, populations and genotypes]",Driver,Human,Human,LU_LC,Q12,MaintainOpts,121,NA,NA,TRUE,LULC driver only
2020-04-16T17:34:25Z,2020-04-16T17:42:34Z,2020-04-16T17:42:35Z,R_1nZ3zam9eKzkMiG,KCG,FALSE,final,Non-native fruit trees facilitate colonization of native forest on abandoned farmland,Q19,NA,NA,NA,NA,"Q14: If the study incorporates a 'Service Provider', which service provider(s) does it utilize?",ESP_type,NA,NA,NA,Q14,NA,207,NA,NA,TRUE,LULC driver only
2020-04-16T17:34:25Z,2020-04-16T17:42:34Z,2020-04-16T17:42:35Z,R_1nZ3zam9eKzkMiG,KCG,FALSE,final,Non-native fruit trees facilitate colonization of native forest on abandoned farmland,Q20,NA,NA,NA,NA,Notes on Q14,KremenNotes,NA,NA,NA,Q14,NA,208,NA,NA,TRUE,LULC driver only
2020-04-16T21:00:16Z,2020-04-16T21:59:41Z,2020-04-16T21:59:42Z,R_3rSPnJEarRAZZy3,KCG,FALSE,final,Soil and vegetation recovery following alien tree clearing in the Eastern Cape Province of South Africa,Q25.3_8,Land use change,Land use change,1,Land use and land cover change,"Q12: Which Ecosystem Services were considered?  - Human Driver - Formation, protection, and decontamination of soils and sediments [e.g decomposition, erosion control]",Driver,Human,Human,LU_LC,Q12,SoilProtect,114,NA,NA,TRUE,LULC driver only
2020-04-16T21:00:16Z,2020-04-16T21:59:41Z,2020-04-16T21:59:42Z,R_3rSPnJEarRAZZy3,KCG,FALSE,final,Soil and vegetation recovery following alien tree clearing in the Eastern Cape Province of South Africa,Q19,NA,NA,NA,NA,"Q14: If the study incorporates a 'Service Provider', which service provider(s) does it utilize?",ESP_type,NA,NA,NA,Q14,NA,207,NA,NA,TRUE,LULC driver only
2020-04-16T21:00:16Z,2020-04-16T21:59:41Z,2020-04-16T21:59:42Z,R_3rSPnJEarRAZZy3,KCG,FALSE,final,Soil and vegetation recovery following alien tree clearing in the Eastern Cape Province of South Africa,Q20,NA,NA,NA,NA,Notes on Q14,KremenNotes,NA,NA,NA,Q14,NA,208,NA,NA,TRUE,LULC driver only
2020-04-18T18:11:11Z,2020-04-18T18:41:19Z,2020-04-18T18:41:20Z,R_6L8hoyoINzXJ2y5,SDJ,FALSE,final,Routes to achieving sustainable intensification in simulated dairy farms: The importance of production efficiency and complimentary land uses,Q25.3_1,Land use change,Land use change,1,Land use and land cover change,Q12: Which Ecosystem Services were considered?  - Human Driver - Habitat creation and maintenance,Driver,Human,Human,LU_LC,Q12,HabCreate,107,NA,NA,TRUE,LULC driver only
2020-04-18T18:11:11Z,2020-04-18T18:41:19Z,2020-04-18T18:41:20Z,R_6L8hoyoINzXJ2y5,SDJ,FALSE,final,Routes to achieving sustainable intensification in simulated dairy farms: The importance of production efficiency and complimentary land uses,Q25.3_10,Land use change,Land use change,1,Land use and land cover change,"Q12: Which Ecosystem Services were considered?  - Human Driver - Regulation of detrimental organisms and biological processes [e.g. pests, pathogens, predators, competitors, etc. that affect humans, plants and animals]",Driver,Human,Human,LU_LC,Q12,PestPath,116,NA,NA,TRUE,LULC driver only
2020-04-18T18:11:11Z,2020-04-18T18:41:19Z,2020-04-18T18:41:20Z,R_6L8hoyoINzXJ2y5,SDJ,FALSE,final,Routes to achieving sustainable intensification in simulated dairy farms: The importance of production efficiency and complimentary land uses,Q19,"Across species  [e.g. community structure, diversity]","Across species  [e.g. community structure, diversity]",NA,NA,"Q14: If the study incorporates a 'Service Provider', which service provider(s) does it utilize?",ESP_type,NA,NA,NA,Q14,NA,207,NA,NA,TRUE,LULC driver only
2020-04-18T18:11:11Z,2020-04-18T18:41:19Z,2020-04-18T18:41:20Z,R_6L8hoyoINzXJ2y5,SDJ,FALSE,final,Routes to achieving sustainable intensification in simulated dairy farms: The importance of production efficiency and complimentary land uses,Q20,NA,NA,NA,NA,Notes on Q14,KremenNotes,NA,NA,NA,Q14,NA,208,NA,NA,TRUE,LULC driver only
2020-04-20T19:49:40Z,2020-04-20T20:04:08Z,2020-04-20T20:04:09Z,R_3DkhKSkJX3FqGzq,CK,FALSE,final,"Assessment of the erosion control function of forest ecosystems based on GIS: a case study in Zhangjiajie National Forest Park, China",Q25.4_8,Service Provider (Q17),Service Provider (Q17),1,Service provider identity,"Q12: Which Ecosystem Services were considered?  - Biotic Driver - Formation, protection, and decontamination of soils and sediments [e.g decomposition, erosion control]",Driver,Biotic,Biotic,LU_LC,Q12,SoilProtect,130,NA,Reviewer noted ESP type is land cover or habitat proxy. Reclassed Service Provider driver from Biotic to Land Use Land Cover driver type.,TRUE,"LULC ESP only, Biotic Service provider is cover related and doesn't have any other non-LULC driver"
2020-04-20T19:49:40Z,2020-04-20T20:04:08Z,2020-04-20T20:04:09Z,R_3DkhKSkJX3FqGzq,CK,FALSE,final,"Assessment of the erosion control function of forest ecosystems based on GIS: a case study in Zhangjiajie National Forest Park, China",Q19,Only land cover or habitat type as proxy,Only land cover or habitat type as proxy,NA,NA,"Q14: If the study incorporates a 'Service Provider', which service provider(s) does it utilize?",ESP_type,NA,NA,NA,Q14,NA,207,NA,NA,TRUE,"LULC ESP only, Biotic Service provider is cover related and doesn't have any other non-LULC driver"
2020-04-20T19:49:40Z,2020-04-20T20:04:08Z,2020-04-20T20:04:09Z,R_3DkhKSkJX3FqGzq,CK,FALSE,final,"Assessment of the erosion control function of forest ecosystems based on GIS: a case study in Zhangjiajie National Forest Park, China",Q20,NA,NA,NA,NA,Notes on Q14,KremenNotes,NA,NA,NA,Q14,NA,208,NA,NA,TRUE,"LULC ESP only, Biotic Service provider is cover related and doesn't have any other non-LULC driver"
2020-08-14T00:55:56Z,2020-08-14T00:55:56Z,2020-08-14T00:55:56Z,R12unified,TK/JL,TRUE,final,Ecosystem Properties of Urban Land Covers at the Aboveground-Belowground Interface,Q25.3_4,TK: Management Practices; JL: Land use change,Land use change,1,Land use and land cover change,Q12: Which Ecosystem Services were considered?  - Human Driver - Regulation of climate [e.g. biological carbon storage and sequestration; methane emissions from wetlands],Driver,Human,Human,LU_LC,Q12,ClimReg,110,CTW reviewed inconsistent answers,NA,TRUE,LULC driver only
2020-08-14T00:55:56Z,2020-08-14T00:55:56Z,2020-08-14T00:55:56Z,R12unified,TK/JL,TRUE,final,Ecosystem Properties of Urban Land Covers at the Aboveground-Belowground Interface,Q25.3_8,TK: Management Practices; JL: Land use change,Land use change,1,Land use and land cover change,"Q12: Which Ecosystem Services were considered?  - Human Driver - Formation, protection, and decontamination of soils and sediments [e.g decomposition, erosion control]",Driver,Human,Human,LU_LC,Q12,SoilProtect,114,CTW reviewed inconsistent answers,NA,TRUE,LULC driver only
2020-08-14T00:55:56Z,2020-08-14T00:55:56Z,2020-08-14T00:55:56Z,R12unified,TK/JL,TRUE,final,Ecosystem Properties of Urban Land Covers at the Aboveground-Belowground Interface,Q25.3_16,TK: (no answer or NA); JL: Land use change,Land use change,1,Land use and land cover change,"Q12: Which Ecosystem Services were considered?  - Human Driver - Cultural Services, including Physical and psychological experiences ##do we include this?? [e.g. hunting, fishing, hiking]",Driver,Human,Human,LU_LC,Q12,CulturePsych,122,CTW reviewed inconsistent answers,NA,TRUE,LULC driver only
2020-08-14T00:55:56Z,2020-08-14T00:55:56Z,2020-08-14T00:55:56Z,R12unified,TK/JL,TRUE,final,Ecosystem Properties of Urban Land Covers at the Aboveground-Belowground Interface,Q19,NA,NA,NA,NA,"Q14: If the study incorporates a 'Service Provider', which service provider(s) does it utilize?",ESP_type,NA,NA,NA,Q14,NA,207,NA,NA,TRUE,LULC driver only
2020-08-14T00:55:56Z,2020-08-14T00:55:56Z,2020-08-14T00:55:56Z,R12unified,TK/JL,TRUE,final,Ecosystem Properties of Urban Land Covers at the Aboveground-Belowground Interface,Q20,"JL: I debated whether earthworms could be considered an ESP, but the focus here is on how urban land cover effects earthworms, not on how earth worms provide key ES's... I suppose I see earthworms as one of many proxies for soil EF/ES rather than an ESP here.","JL: I debated whether earthworms could be considered an ESP, but the focus here is on how urban land cover effects earthworms, not on how earth worms provide key ES's... I suppose I see earthworms as one of many proxies for soil EF/ES rather than an ESP here.",NA,NA,Notes on Q14,KremenNotes,NA,NA,NA,Q14,NA,208,NA,NA,TRUE,LULC driver only
2020-08-14T00:55:56Z,2020-08-14T00:55:56Z,2020-08-14T00:55:56Z,R26unified,LD/TK,TRUE,final,"Riparian canopy expansion in an urban landscape: Multiple drivers of vegetation change along headwater streams near Sacramento, California",Q25.3_1,LD: Other; TK: (excluded paper),Other,NA,Other,Q12: Which Ecosystem Services were considered?  - Human Driver - Habitat creation and maintenance,Driver,Human,Human,LU_LC,Q12,HabCreate,107,NA,Other driver(s) entered in Human driver type recoded to Land Use Land Cover type. Updated 'Other' driver to LULC group for consistency.,TRUE,"LULC ESP only, Biotic Service provider is cover related and doesn't have any other non-LULC driver"
2020-08-14T00:55:56Z,2020-08-14T00:55:56Z,2020-08-14T00:55:56Z,R26unified,LD/TK,TRUE,final,"Riparian canopy expansion in an urban landscape: Multiple drivers of vegetation change along headwater streams near Sacramento, California",Q25.4_6,LD: Other; TK: (excluded paper),Other,NA,Other,"Q12: Which Ecosystem Services were considered?  - Biotic Driver - Regulation of freshwater quantity, location and timing [e.g. flow of surface and groundwater used for drinking, irrigation]",Driver,Biotic,Biotic,LU_LC,Q12,freshWQReg,128,NA,Reviewer noted ESP type is land cover or habitat proxy. Reviewed and reclassed Biotic other driver reported to Land Use Land Cover driver type.,TRUE,"LULC ESP only, Biotic Service provider is cover related and doesn't have any other non-LULC driver"
2020-08-14T00:55:56Z,2020-08-14T00:55:56Z,2020-08-14T00:55:56Z,R26unified,LD/TK,TRUE,final,"Riparian canopy expansion in an urban landscape: Multiple drivers of vegetation change along headwater streams near Sacramento, California",Q25,LD: urbanization; TK: (excluded paper),urbanization,1,Land use and land cover change,List Other Human Driver from Q12 (sep. with commas),OtherDriver,Human,Human,LU_LC,Q12,HabCreate,204.01,For LD review only: Infilled ES from Driver where 'Other' specified,NA,TRUE,"LULC ESP only, Biotic Service provider is cover related and doesn't have any other non-LULC driver"
2020-08-14T00:55:56Z,2020-08-14T00:55:56Z,2020-08-14T00:55:56Z,R26unified,LD/TK,TRUE,final,"Riparian canopy expansion in an urban landscape: Multiple drivers of vegetation change along headwater streams near Sacramento, California",Q26,LD: riparian canopy ; TK: (excluded paper),riparian canopy,1,Biotic characteristics of the plot,List Other Biotic Driver from Q12 (sep. with commas),OtherDriver,Biotic,Biotic,LU_LC,Q12,freshWQReg,205.06,For LD review only: Infilled ES from Driver where 'Other' specified,Reviewer noted ESP type is land cover or habitat proxy. Reviewed and reclassed Biotic other driver reported to Land Use Land Cover driver type.,TRUE,"LULC ESP only, Biotic Service provider is cover related and doesn't have any other non-LULC driver"
2020-08-14T00:55:56Z,2020-08-14T00:55:56Z,2020-08-14T00:55:56Z,R26unified,LD/TK,TRUE,final,"Riparian canopy expansion in an urban landscape: Multiple drivers of vegetation change along headwater streams near Sacramento, California",Q19,LD: Only land cover or habitat type as proxy; TK: (excluded paper),Only land cover or habitat type as proxy,NA,NA,"Q14: If the study incorporates a 'Service Provider', which service provider(s) does it utilize?",ESP_type,NA,NA,NA,Q14,NA,207,NA,NA,TRUE,"LULC ESP only, Biotic Service provider is cover related and doesn't have any other non-LULC driver"
2020-08-14T00:55:56Z,2020-08-14T00:55:56Z,2020-08-14T00:55:56Z,R26unified,LD/TK,TRUE,final,"Riparian canopy expansion in an urban landscape: Multiple drivers of vegetation change along headwater streams near Sacramento, California",Q20,LD: riparian canopy abundance mentioned as an ESP but not quantified.,riparian canopy abundance mentioned as an ESP but not quantified.,NA,NA,Notes on Q14,KremenNotes,NA,NA,NA,Q14,NA,208,NA,NA,TRUE,"LULC ESP only, Biotic Service provider is cover related and doesn't have any other non-LULC driver"
