StartDate,EndDate,RecordedDate,ResponseId,Init,Title,id,answer,clean_answer,fullquestion,abbr,Group,ESnum,qnum,ES,survey_order,flag_noResponse,flag_noDriver,flag_noDirection,FirstAuthor,PublicationYear,SourcePublication
2020-03-24T13:59:14Z,2020-03-24T14:40:11Z,2020-03-24T14:40:12Z,R_3HRDBrdNVuSztPO,AIS,Adapting the adaptive cycle: Hypotheses on the development of ecosystem properties and services,Q25.1_4_1,carbon sequestration,,"Q12: Which Ecosystem Services were considered?  - Write in the response variable used to approx. ES, or EF proxy - Regulation of climate [e.g. biological carbon storage and sequestration; me... - Regulation of climate [e.g. biological carbon storage and sequestration; methane emissions from wetlands] - Response 1: Separate by commas",Response,,4,Q12,ClimReg,65,FALSE,TRUE,TRUE,Burkhard,2011,ECOLOGICAL MODELLING
2020-03-24T13:59:14Z,2020-03-24T14:40:11Z,2020-03-24T14:40:12Z,R_3HRDBrdNVuSztPO,AIS,Adapting the adaptive cycle: Hypotheses on the development of ecosystem properties and services,Q25.1_6_1,water regulation,,"Q12: Which Ecosystem Services were considered?  - Write in the response variable used to approx. ES, or EF proxy - Regulation of freshwater quantity, location and timing [e.g. flow of surfac... - Regulation of freshwater quantity, location and timing [e.g. flow of surface and groundwater used for drinking, irrigation] - Response 1: Separate by commas",Response,,6,Q12,freshWQReg,69,FALSE,TRUE,TRUE,Burkhard,2011,ECOLOGICAL MODELLING
2020-03-24T13:59:14Z,2020-03-24T14:40:11Z,2020-03-24T14:40:12Z,R_3HRDBrdNVuSztPO,AIS,Adapting the adaptive cycle: Hypotheses on the development of ecosystem properties and services,Q25.1_13_1,harvestable timber,,"Q12: Which Ecosystem Services were considered?  - Write in the response variable used to approx. ES, or EF proxy - Materials and assistance [e.g. wood, fibers, waxes, paper, resins, dyes, pe... - Materials and assistance [e.g. wood, fibers, waxes, paper, resins, dyes, pearls, shells, ornamental plants, pets, herders] - Response 1: Separate by commas",Response,,13,Q12,Materials,83,FALSE,TRUE,TRUE,Burkhard,2011,ECOLOGICAL MODELLING
2020-03-24T13:59:14Z,2020-03-24T14:40:11Z,2020-03-24T14:40:12Z,R_3HRDBrdNVuSztPO,AIS,Adapting the adaptive cycle: Hypotheses on the development of ecosystem properties and services,Q25.1_16_1,tourist visits,,"Q12: Which Ecosystem Services were considered?  - Write in the response variable used to approx. ES, or EF proxy - Cultural Services, including Physical and psychological experiences ##do we... - Cultural Services, including Physical and psychological experiences ##do we include this?? [e.g. hunting, fishing, hiking] - Response 1: Separate by commas",Response,,16,Q12,CulturePsych,89,FALSE,TRUE,TRUE,Burkhard,2011,ECOLOGICAL MODELLING
2020-03-24T13:59:14Z,2020-03-24T14:40:11Z,2020-03-24T14:40:12Z,R_3HRDBrdNVuSztPO,AIS,Adapting the adaptive cycle: Hypotheses on the development of ecosystem properties and services,Q25.2_4,,"Extreme Events, Other",Q12: Which Ecosystem Services were considered?  - Environmental Driver - Regulation of climate [e.g. biological carbon storage and sequestration; methane emissions from wetlands],Driver,Env,4,Q12,ClimReg,94,FALSE,TRUE,TRUE,Burkhard,2011,ECOLOGICAL MODELLING
2020-03-24T13:59:14Z,2020-03-24T14:40:11Z,2020-03-24T14:40:12Z,R_3HRDBrdNVuSztPO,AIS,Adapting the adaptive cycle: Hypotheses on the development of ecosystem properties and services,Q25.2_6,,"Extreme Events, Other","Q12: Which Ecosystem Services were considered?  - Environmental Driver - Regulation of freshwater quantity, location and timing [e.g. flow of surface and groundwater used for drinking, irrigation]",Driver,Env,6,Q12,freshWQReg,96,FALSE,TRUE,TRUE,Burkhard,2011,ECOLOGICAL MODELLING
2020-03-24T13:59:14Z,2020-03-24T14:40:11Z,2020-03-24T14:40:12Z,R_3HRDBrdNVuSztPO,AIS,Adapting the adaptive cycle: Hypotheses on the development of ecosystem properties and services,Q25.2_13,,"Extreme Events, Other","Q12: Which Ecosystem Services were considered?  - Environmental Driver - Materials and assistance [e.g. wood, fibers, waxes, paper, resins, dyes, pearls, shells, ornamental plants, pets, herders]",Driver,Env,13,Q12,Materials,103,FALSE,TRUE,TRUE,Burkhard,2011,ECOLOGICAL MODELLING
2020-03-24T13:59:14Z,2020-03-24T14:40:11Z,2020-03-24T14:40:12Z,R_3HRDBrdNVuSztPO,AIS,Adapting the adaptive cycle: Hypotheses on the development of ecosystem properties and services,Q25.2_16,,"Extreme Events, Other","Q12: Which Ecosystem Services were considered?  - Environmental Driver - Cultural Services, including Physical and psychological experiences ##do we include this?? [e.g. hunting, fishing, hiking]",Driver,Env,16,Q12,CulturePsych,106,FALSE,TRUE,TRUE,Burkhard,2011,ECOLOGICAL MODELLING
2020-03-24T13:59:14Z,2020-03-24T14:40:11Z,2020-03-24T14:40:12Z,R_3HRDBrdNVuSztPO,AIS,Adapting the adaptive cycle: Hypotheses on the development of ecosystem properties and services,Q25.3_4,,,Q12: Which Ecosystem Services were considered?  - Human Driver - Regulation of climate [e.g. biological carbon storage and sequestration; methane emissions from wetlands],Driver,Anthro,4,Q12,ClimReg,110,FALSE,TRUE,TRUE,Burkhard,2011,ECOLOGICAL MODELLING
2020-03-24T13:59:14Z,2020-03-24T14:40:11Z,2020-03-24T14:40:12Z,R_3HRDBrdNVuSztPO,AIS,Adapting the adaptive cycle: Hypotheses on the development of ecosystem properties and services,Q25.3_6,,,"Q12: Which Ecosystem Services were considered?  - Human Driver - Regulation of freshwater quantity, location and timing [e.g. flow of surface and groundwater used for drinking, irrigation]",Driver,Anthro,6,Q12,freshWQReg,112,FALSE,TRUE,TRUE,Burkhard,2011,ECOLOGICAL MODELLING
2020-03-24T13:59:14Z,2020-03-24T14:40:11Z,2020-03-24T14:40:12Z,R_3HRDBrdNVuSztPO,AIS,Adapting the adaptive cycle: Hypotheses on the development of ecosystem properties and services,Q25.3_13,,,"Q12: Which Ecosystem Services were considered?  - Human Driver - Materials and assistance [e.g. wood, fibers, waxes, paper, resins, dyes, pearls, shells, ornamental plants, pets, herders]",Driver,Anthro,13,Q12,Materials,119,FALSE,TRUE,TRUE,Burkhard,2011,ECOLOGICAL MODELLING
2020-03-24T13:59:14Z,2020-03-24T14:40:11Z,2020-03-24T14:40:12Z,R_3HRDBrdNVuSztPO,AIS,Adapting the adaptive cycle: Hypotheses on the development of ecosystem properties and services,Q25.3_16,,,"Q12: Which Ecosystem Services were considered?  - Human Driver - Cultural Services, including Physical and psychological experiences ##do we include this?? [e.g. hunting, fishing, hiking]",Driver,Anthro,16,Q12,CulturePsych,122,FALSE,TRUE,TRUE,Burkhard,2011,ECOLOGICAL MODELLING
2020-03-24T13:59:14Z,2020-03-24T14:40:11Z,2020-03-24T14:40:12Z,R_3HRDBrdNVuSztPO,AIS,Adapting the adaptive cycle: Hypotheses on the development of ecosystem properties and services,Q25.4_4,,Other,Q12: Which Ecosystem Services were considered?  - Biotic Driver - Regulation of climate [e.g. biological carbon storage and sequestration; methane emissions from wetlands],Driver,Bio,4,Q12,ClimReg,126,FALSE,TRUE,TRUE,Burkhard,2011,ECOLOGICAL MODELLING
2020-03-24T13:59:14Z,2020-03-24T14:40:11Z,2020-03-24T14:40:12Z,R_3HRDBrdNVuSztPO,AIS,Adapting the adaptive cycle: Hypotheses on the development of ecosystem properties and services,Q25.4_6,,Other,"Q12: Which Ecosystem Services were considered?  - Biotic Driver - Regulation of freshwater quantity, location and timing [e.g. flow of surface and groundwater used for drinking, irrigation]",Driver,Bio,6,Q12,freshWQReg,128,FALSE,TRUE,TRUE,Burkhard,2011,ECOLOGICAL MODELLING
2020-03-24T13:59:14Z,2020-03-24T14:40:11Z,2020-03-24T14:40:12Z,R_3HRDBrdNVuSztPO,AIS,Adapting the adaptive cycle: Hypotheses on the development of ecosystem properties and services,Q25.4_13,,Other,"Q12: Which Ecosystem Services were considered?  - Biotic Driver - Materials and assistance [e.g. wood, fibers, waxes, paper, resins, dyes, pearls, shells, ornamental plants, pets, herders]",Driver,Bio,13,Q12,Materials,135,FALSE,TRUE,TRUE,Burkhard,2011,ECOLOGICAL MODELLING
2020-03-24T13:59:14Z,2020-03-24T14:40:11Z,2020-03-24T14:40:12Z,R_3HRDBrdNVuSztPO,AIS,Adapting the adaptive cycle: Hypotheses on the development of ecosystem properties and services,Q25.4_16,,Other,"Q12: Which Ecosystem Services were considered?  - Biotic Driver - Cultural Services, including Physical and psychological experiences ##do we include this?? [e.g. hunting, fishing, hiking]",Driver,Bio,16,Q12,CulturePsych,138,FALSE,TRUE,TRUE,Burkhard,2011,ECOLOGICAL MODELLING
2020-03-24T13:59:14Z,2020-03-24T14:40:11Z,2020-03-24T14:40:12Z,R_3HRDBrdNVuSztPO,AIS,Adapting the adaptive cycle: Hypotheses on the development of ecosystem properties and services,Q25.5_4,ES,,Q12: Which Ecosystem Services were considered?  - Paper reported Response 1 as: - Regulation of climate [e.g. biological carbon storage and sequestration; methane emissions from wetlands],Yclass,,4,Q12,ClimReg,142,FALSE,TRUE,TRUE,Burkhard,2011,ECOLOGICAL MODELLING
2020-03-24T13:59:14Z,2020-03-24T14:40:11Z,2020-03-24T14:40:12Z,R_3HRDBrdNVuSztPO,AIS,Adapting the adaptive cycle: Hypotheses on the development of ecosystem properties and services,Q25.5_6,ES,,"Q12: Which Ecosystem Services were considered?  - Paper reported Response 1 as: - Regulation of freshwater quantity, location and timing [e.g. flow of surface and groundwater used for drinking, irrigation]",Yclass,,6,Q12,freshWQReg,144,FALSE,TRUE,TRUE,Burkhard,2011,ECOLOGICAL MODELLING
2020-03-24T13:59:14Z,2020-03-24T14:40:11Z,2020-03-24T14:40:12Z,R_3HRDBrdNVuSztPO,AIS,Adapting the adaptive cycle: Hypotheses on the development of ecosystem properties and services,Q25.5_13,ES,,"Q12: Which Ecosystem Services were considered?  - Paper reported Response 1 as: - Materials and assistance [e.g. wood, fibers, waxes, paper, resins, dyes, pearls, shells, ornamental plants, pets, herders]",Yclass,,13,Q12,Materials,151,FALSE,TRUE,TRUE,Burkhard,2011,ECOLOGICAL MODELLING
2020-03-24T13:59:14Z,2020-03-24T14:40:11Z,2020-03-24T14:40:12Z,R_3HRDBrdNVuSztPO,AIS,Adapting the adaptive cycle: Hypotheses on the development of ecosystem properties and services,Q25.5_16,ES,,"Q12: Which Ecosystem Services were considered?  - Paper reported Response 1 as: - Cultural Services, including Physical and psychological experiences ##do we include this?? [e.g. hunting, fishing, hiking]",Yclass,,16,Q12,CulturePsych,154,FALSE,TRUE,TRUE,Burkhard,2011,ECOLOGICAL MODELLING
2020-03-24T13:59:14Z,2020-03-24T14:40:11Z,2020-03-24T14:40:12Z,R_3HRDBrdNVuSztPO,AIS,Adapting the adaptive cycle: Hypotheses on the development of ecosystem properties and services,Q25.6_4,,Mixed,Q12: Which Ecosystem Services were considered?  - Direction of Environmental Driver Relationship - Regulation of climate [e.g. biological carbon storage and sequestration; methane emissions from wetlands],EffectDirect,Env,4,Q12,ClimReg,158,FALSE,TRUE,TRUE,Burkhard,2011,ECOLOGICAL MODELLING
2020-03-24T13:59:14Z,2020-03-24T14:40:11Z,2020-03-24T14:40:12Z,R_3HRDBrdNVuSztPO,AIS,Adapting the adaptive cycle: Hypotheses on the development of ecosystem properties and services,Q25.6_6,,Mixed,"Q12: Which Ecosystem Services were considered?  - Direction of Environmental Driver Relationship - Regulation of freshwater quantity, location and timing [e.g. flow of surface and groundwater used for drinking, irrigation]",EffectDirect,Env,6,Q12,freshWQReg,160,FALSE,TRUE,TRUE,Burkhard,2011,ECOLOGICAL MODELLING
2020-03-24T13:59:14Z,2020-03-24T14:40:11Z,2020-03-24T14:40:12Z,R_3HRDBrdNVuSztPO,AIS,Adapting the adaptive cycle: Hypotheses on the development of ecosystem properties and services,Q25.6_13,,Mixed,"Q12: Which Ecosystem Services were considered?  - Direction of Environmental Driver Relationship - Materials and assistance [e.g. wood, fibers, waxes, paper, resins, dyes, pearls, shells, ornamental plants, pets, herders]",EffectDirect,Env,13,Q12,Materials,167,FALSE,TRUE,TRUE,Burkhard,2011,ECOLOGICAL MODELLING
2020-03-24T13:59:14Z,2020-03-24T14:40:11Z,2020-03-24T14:40:12Z,R_3HRDBrdNVuSztPO,AIS,Adapting the adaptive cycle: Hypotheses on the development of ecosystem properties and services,Q25.6_16,,Mixed,"Q12: Which Ecosystem Services were considered?  - Direction of Environmental Driver Relationship - Cultural Services, including Physical and psychological experiences ##do we include this?? [e.g. hunting, fishing, hiking]",EffectDirect,Env,16,Q12,CulturePsych,170,FALSE,TRUE,TRUE,Burkhard,2011,ECOLOGICAL MODELLING
2020-03-24T13:59:14Z,2020-03-24T14:40:11Z,2020-03-24T14:40:12Z,R_3HRDBrdNVuSztPO,AIS,Adapting the adaptive cycle: Hypotheses on the development of ecosystem properties and services,Q25.7_4,,,Q12: Which Ecosystem Services were considered?  - Direction of Human Driver Relationship - Regulation of climate [e.g. biological carbon storage and sequestration; methane emissions from wetlands],EffectDirect,Anthro,4,Q12,ClimReg,174,FALSE,TRUE,TRUE,Burkhard,2011,ECOLOGICAL MODELLING
2020-03-24T13:59:14Z,2020-03-24T14:40:11Z,2020-03-24T14:40:12Z,R_3HRDBrdNVuSztPO,AIS,Adapting the adaptive cycle: Hypotheses on the development of ecosystem properties and services,Q25.7_6,,,"Q12: Which Ecosystem Services were considered?  - Direction of Human Driver Relationship - Regulation of freshwater quantity, location and timing [e.g. flow of surface and groundwater used for drinking, irrigation]",EffectDirect,Anthro,6,Q12,freshWQReg,176,FALSE,TRUE,TRUE,Burkhard,2011,ECOLOGICAL MODELLING
2020-03-24T13:59:14Z,2020-03-24T14:40:11Z,2020-03-24T14:40:12Z,R_3HRDBrdNVuSztPO,AIS,Adapting the adaptive cycle: Hypotheses on the development of ecosystem properties and services,Q25.7_13,,,"Q12: Which Ecosystem Services were considered?  - Direction of Human Driver Relationship - Materials and assistance [e.g. wood, fibers, waxes, paper, resins, dyes, pearls, shells, ornamental plants, pets, herders]",EffectDirect,Anthro,13,Q12,Materials,183,FALSE,TRUE,TRUE,Burkhard,2011,ECOLOGICAL MODELLING
2020-03-24T13:59:14Z,2020-03-24T14:40:11Z,2020-03-24T14:40:12Z,R_3HRDBrdNVuSztPO,AIS,Adapting the adaptive cycle: Hypotheses on the development of ecosystem properties and services,Q25.7_16,,,"Q12: Which Ecosystem Services were considered?  - Direction of Human Driver Relationship - Cultural Services, including Physical and psychological experiences ##do we include this?? [e.g. hunting, fishing, hiking]",EffectDirect,Anthro,16,Q12,CulturePsych,186,FALSE,TRUE,TRUE,Burkhard,2011,ECOLOGICAL MODELLING
2020-03-24T13:59:14Z,2020-03-24T14:40:11Z,2020-03-24T14:40:12Z,R_3HRDBrdNVuSztPO,AIS,Adapting the adaptive cycle: Hypotheses on the development of ecosystem properties and services,Q25.8_4,,,Q12: Which Ecosystem Services were considered?  - Direction of Biotic Driver Relationship - Regulation of climate [e.g. biological carbon storage and sequestration; methane emissions from wetlands],EffectDirect,Bio,4,Q12,ClimReg,190,FALSE,TRUE,TRUE,Burkhard,2011,ECOLOGICAL MODELLING
2020-03-24T13:59:14Z,2020-03-24T14:40:11Z,2020-03-24T14:40:12Z,R_3HRDBrdNVuSztPO,AIS,Adapting the adaptive cycle: Hypotheses on the development of ecosystem properties and services,Q25.8_6,,,"Q12: Which Ecosystem Services were considered?  - Direction of Biotic Driver Relationship - Regulation of freshwater quantity, location and timing [e.g. flow of surface and groundwater used for drinking, irrigation]",EffectDirect,Bio,6,Q12,freshWQReg,192,FALSE,TRUE,TRUE,Burkhard,2011,ECOLOGICAL MODELLING
2020-03-24T13:59:14Z,2020-03-24T14:40:11Z,2020-03-24T14:40:12Z,R_3HRDBrdNVuSztPO,AIS,Adapting the adaptive cycle: Hypotheses on the development of ecosystem properties and services,Q25.8_13,,,"Q12: Which Ecosystem Services were considered?  - Direction of Biotic Driver Relationship - Materials and assistance [e.g. wood, fibers, waxes, paper, resins, dyes, pearls, shells, ornamental plants, pets, herders]",EffectDirect,Bio,13,Q12,Materials,199,FALSE,TRUE,TRUE,Burkhard,2011,ECOLOGICAL MODELLING
2020-03-24T13:59:14Z,2020-03-24T14:40:11Z,2020-03-24T14:40:12Z,R_3HRDBrdNVuSztPO,AIS,Adapting the adaptive cycle: Hypotheses on the development of ecosystem properties and services,Q25.8_16,,,"Q12: Which Ecosystem Services were considered?  - Direction of Biotic Driver Relationship - Cultural Services, including Physical and psychological experiences ##do we include this?? [e.g. hunting, fishing, hiking]",EffectDirect,Bio,16,Q12,CulturePsych,202,FALSE,TRUE,TRUE,Burkhard,2011,ECOLOGICAL MODELLING
2020-03-24T13:59:14Z,2020-03-24T14:40:11Z,2020-03-24T14:40:12Z,R_3HRDBrdNVuSztPO,AIS,Adapting the adaptive cycle: Hypotheses on the development of ecosystem properties and services,Q17,,"all ecospheric processes, flows of energy, flows of nutrients, flows of water, flows of information",List Other Environmental Driver from Q12 (sep. with commas),OtherDriver,Env,,Q12,,203,FALSE,TRUE,TRUE,Burkhard,2011,ECOLOGICAL MODELLING
2020-03-24T13:59:14Z,2020-03-24T14:40:11Z,2020-03-24T14:40:12Z,R_3HRDBrdNVuSztPO,AIS,Adapting the adaptive cycle: Hypotheses on the development of ecosystem properties and services,Q25,,,List Other Human Driver from Q12 (sep. with commas),OtherDriver,Anthro,,Q12,,204,FALSE,TRUE,TRUE,Burkhard,2011,ECOLOGICAL MODELLING
2020-03-24T13:59:14Z,2020-03-24T14:40:11Z,2020-03-24T14:40:12Z,R_3HRDBrdNVuSztPO,AIS,Adapting the adaptive cycle: Hypotheses on the development of ecosystem properties and services,Q26,,"diversity of ecological niches, relational positions of species or populations in their ecosystems",List Other Biotic Driver from Q12 (sep. with commas),OtherDriver,Bio,,Q12,,205,FALSE,TRUE,TRUE,Burkhard,2011,ECOLOGICAL MODELLING
2020-03-24T14:50:10Z,2020-03-25T08:19:40Z,2020-03-25T08:19:40Z,R_5nnUwLi2HNd4sQp,AIS,Assessing bundles of ecosystem services from regional to landscape scale: insights from the French Alps,Q25.1_2_1,pollination,,"Q12: Which Ecosystem Services were considered?  - Write in the response variable used to approx. ES, or EF proxy - Pollination and dispersal of seeds or other propagules - Response 1: Separate by commas",Response,,2,Q12,Pollination,61,FALSE,TRUE,TRUE,Crouzat,2015,JOURNAL OF APPLIED ECOLOGY
2020-03-24T14:50:10Z,2020-03-25T08:19:40Z,2020-03-25T08:19:40Z,R_5nnUwLi2HNd4sQp,AIS,Assessing bundles of ecosystem services from regional to landscape scale: insights from the French Alps,Q25.1_4_1,carbon storage,,"Q12: Which Ecosystem Services were considered?  - Write in the response variable used to approx. ES, or EF proxy - Regulation of climate [e.g. biological carbon storage and sequestration; me... - Regulation of climate [e.g. biological carbon storage and sequestration; methane emissions from wetlands] - Response 1: Separate by commas",Response,,4,Q12,ClimReg,65,FALSE,TRUE,TRUE,Crouzat,2015,JOURNAL OF APPLIED ECOLOGY
2020-03-24T14:50:10Z,2020-03-25T08:19:40Z,2020-03-25T08:19:40Z,R_5nnUwLi2HNd4sQp,AIS,Assessing bundles of ecosystem services from regional to landscape scale: insights from the French Alps,Q25.1_7_1,chemical water quality regulation,,"Q12: Which Ecosystem Services were considered?  - Write in the response variable used to approx. ES, or EF proxy - Regulation of freshwater and coastal water quality [e.g. filtration of part... - Regulation of freshwater and coastal water quality [e.g. filtration of particles, pathogens, excess nutrients, and other chemicals] - Response 1: Separate by commas",Response,,7,Q12,coastWQReg,71,FALSE,TRUE,TRUE,Crouzat,2015,JOURNAL OF APPLIED ECOLOGY
2020-03-24T14:50:10Z,2020-03-25T08:19:40Z,2020-03-25T08:19:40Z,R_5nnUwLi2HNd4sQp,AIS,Assessing bundles of ecosystem services from regional to landscape scale: insights from the French Alps,Q25.1_8_1,"erosion mitigation, protection against rockfalls",,"Q12: Which Ecosystem Services were considered?  - Write in the response variable used to approx. ES, or EF proxy - Formation, protection, and decontamination of soils and sediments [e.g deco... - Formation, protection, and decontamination of soils and sediments [e.g decomposition, erosion control] - Response 1: Separate by commas",Response,,8,Q12,SoilProtect,73,FALSE,TRUE,TRUE,Crouzat,2015,JOURNAL OF APPLIED ECOLOGY
2020-03-24T14:50:10Z,2020-03-25T08:19:40Z,2020-03-25T08:19:40Z,R_5nnUwLi2HNd4sQp,AIS,Assessing bundles of ecosystem services from regional to landscape scale: insights from the French Alps,Q25.1_9_1,physical water quantity regulation,,"Q12: Which Ecosystem Services were considered?  - Write in the response variable used to approx. ES, or EF proxy - Regulation of hazards and extreme events [e.g. amelioration of floods, wind... - Regulation of hazards and extreme events [e.g. amelioration of floods, wind, storms, hurricanes, seawater intrusion] - Response 1: Separate by commas",Response,,9,Q12,Hazards,75,FALSE,TRUE,TRUE,Crouzat,2015,JOURNAL OF APPLIED ECOLOGY
2020-03-24T14:50:10Z,2020-03-25T08:19:40Z,2020-03-25T08:19:40Z,R_5nnUwLi2HNd4sQp,AIS,Assessing bundles of ecosystem services from regional to landscape scale: insights from the French Alps,Q25.1_10_1,biological control of pests,,"Q12: Which Ecosystem Services were considered?  - Write in the response variable used to approx. ES, or EF proxy - Regulation of detrimental organisms and biological processes [e.g. pests, p... - Regulation of detrimental organisms and biological processes [e.g. pests, pathogens, predators, competitors, etc. that affect humans, plants and animals] - Response 1: Separate by commas",Response,,10,Q12,PestPath,77,FALSE,TRUE,TRUE,Crouzat,2015,JOURNAL OF APPLIED ECOLOGY
2020-03-24T14:50:10Z,2020-03-25T08:19:40Z,2020-03-25T08:19:40Z,R_5nnUwLi2HNd4sQp,AIS,Assessing bundles of ecosystem services from regional to landscape scale: insights from the French Alps,Q25.1_11_1,hydro-energy potential,,"Q12: Which Ecosystem Services were considered?  - Write in the response variable used to approx. ES, or EF proxy - Energy [e.g.  biomass-based fuels, such as biofuel crops, animal waste, fue... - Energy [e.g.  biomass-based fuels, such as biofuel crops, animal waste, fuelwood] - Response 1: Separate by commas",Response,,11,Q12,Energy,79,FALSE,TRUE,TRUE,Crouzat,2015,JOURNAL OF APPLIED ECOLOGY
2020-03-24T14:50:10Z,2020-03-25T08:19:40Z,2020-03-25T08:19:40Z,R_5nnUwLi2HNd4sQp,AIS,Assessing bundles of ecosystem services from regional to landscape scale: insights from the French Alps,Q25.1_12_1,"agricultural production, forage production",,"Q12: Which Ecosystem Services were considered?  - Write in the response variable used to approx. ES, or EF proxy - Food and feed - Response 1: Separate by commas",Response,,12,Q12,Food,81,FALSE,TRUE,TRUE,Crouzat,2015,JOURNAL OF APPLIED ECOLOGY
2020-03-24T14:50:10Z,2020-03-25T08:19:40Z,2020-03-25T08:19:40Z,R_5nnUwLi2HNd4sQp,AIS,Assessing bundles of ecosystem services from regional to landscape scale: insights from the French Alps,Q25.1_13_1,wood production,,"Q12: Which Ecosystem Services were considered?  - Write in the response variable used to approx. ES, or EF proxy - Materials and assistance [e.g. wood, fibers, waxes, paper, resins, dyes, pe... - Materials and assistance [e.g. wood, fibers, waxes, paper, resins, dyes, pearls, shells, ornamental plants, pets, herders] - Response 1: Separate by commas",Response,,13,Q12,Materials,83,FALSE,TRUE,TRUE,Crouzat,2015,JOURNAL OF APPLIED ECOLOGY
2020-03-24T14:50:10Z,2020-03-25T08:19:40Z,2020-03-25T08:19:40Z,R_5nnUwLi2HNd4sQp,AIS,Assessing bundles of ecosystem services from regional to landscape scale: insights from the French Alps,Q25.1_15_1,"protected plant species, protected vertebrate species, plant diversity, vertebrate diversity",,"Q12: Which Ecosystem Services were considered?  - Write in the response variable used to approx. ES, or EF proxy - Maintenance of options [e.g. benefits (including those of future generation... - Maintenance of options [e.g. benefits (including those of future generations) associated with the continued existence of a wide variety of species, populations and genotypes] - Response 1: Separate by commas",Response,,15,Q12,MaintainOpts,87,FALSE,TRUE,TRUE,Crouzat,2015,JOURNAL OF APPLIED ECOLOGY
2020-03-24T14:50:10Z,2020-03-25T08:19:40Z,2020-03-25T08:19:40Z,R_5nnUwLi2HNd4sQp,AIS,Assessing bundles of ecosystem services from regional to landscape scale: insights from the French Alps,Q25.1_16_1,"recreation potential, tourism, leisure hunting",,"Q12: Which Ecosystem Services were considered?  - Write in the response variable used to approx. ES, or EF proxy - Cultural Services, including Physical and psychological experiences ##do we... - Cultural Services, including Physical and psychological experiences ##do we include this?? [e.g. hunting, fishing, hiking] - Response 1: Separate by commas",Response,,16,Q12,CulturePsych,89,FALSE,TRUE,TRUE,Crouzat,2015,JOURNAL OF APPLIED ECOLOGY
2020-03-24T14:50:10Z,2020-03-25T08:19:40Z,2020-03-25T08:19:40Z,R_5nnUwLi2HNd4sQp,AIS,Assessing bundles of ecosystem services from regional to landscape scale: insights from the French Alps,Q25.2_2,,Other,Q12: Which Ecosystem Services were considered?  - Environmental Driver - Pollination and dispersal of seeds or other propagules,Driver,Env,2,Q12,Pollination,92,FALSE,TRUE,TRUE,Crouzat,2015,JOURNAL OF APPLIED ECOLOGY
2020-03-24T14:50:10Z,2020-03-25T08:19:40Z,2020-03-25T08:19:40Z,R_5nnUwLi2HNd4sQp,AIS,Assessing bundles of ecosystem services from regional to landscape scale: insights from the French Alps,Q25.2_4,,Other,Q12: Which Ecosystem Services were considered?  - Environmental Driver - Regulation of climate [e.g. biological carbon storage and sequestration; methane emissions from wetlands],Driver,Env,4,Q12,ClimReg,94,FALSE,TRUE,TRUE,Crouzat,2015,JOURNAL OF APPLIED ECOLOGY
2020-03-24T14:50:10Z,2020-03-25T08:19:40Z,2020-03-25T08:19:40Z,R_5nnUwLi2HNd4sQp,AIS,Assessing bundles of ecosystem services from regional to landscape scale: insights from the French Alps,Q25.2_7,,Other,"Q12: Which Ecosystem Services were considered?  - Environmental Driver - Regulation of freshwater and coastal water quality [e.g. filtration of particles, pathogens, excess nutrients, and other chemicals]",Driver,Env,7,Q12,coastWQReg,97,FALSE,TRUE,TRUE,Crouzat,2015,JOURNAL OF APPLIED ECOLOGY
2020-03-24T14:50:10Z,2020-03-25T08:19:40Z,2020-03-25T08:19:40Z,R_5nnUwLi2HNd4sQp,AIS,Assessing bundles of ecosystem services from regional to landscape scale: insights from the French Alps,Q25.2_8,,Other,"Q12: Which Ecosystem Services were considered?  - Environmental Driver - Formation, protection, and decontamination of soils and sediments [e.g decomposition, erosion control]",Driver,Env,8,Q12,SoilProtect,98,FALSE,TRUE,TRUE,Crouzat,2015,JOURNAL OF APPLIED ECOLOGY
2020-03-24T14:50:10Z,2020-03-25T08:19:40Z,2020-03-25T08:19:40Z,R_5nnUwLi2HNd4sQp,AIS,Assessing bundles of ecosystem services from regional to landscape scale: insights from the French Alps,Q25.2_9,,Other,"Q12: Which Ecosystem Services were considered?  - Environmental Driver - Regulation of hazards and extreme events [e.g. amelioration of floods, wind, storms, hurricanes, seawater intrusion]",Driver,Env,9,Q12,Hazards,99,FALSE,TRUE,TRUE,Crouzat,2015,JOURNAL OF APPLIED ECOLOGY
2020-03-24T14:50:10Z,2020-03-25T08:19:40Z,2020-03-25T08:19:40Z,R_5nnUwLi2HNd4sQp,AIS,Assessing bundles of ecosystem services from regional to landscape scale: insights from the French Alps,Q25.2_10,,Other,"Q12: Which Ecosystem Services were considered?  - Environmental Driver - Regulation of detrimental organisms and biological processes [e.g. pests, pathogens, predators, competitors, etc. that affect humans, plants and animals]",Driver,Env,10,Q12,PestPath,100,FALSE,TRUE,TRUE,Crouzat,2015,JOURNAL OF APPLIED ECOLOGY
2020-03-24T14:50:10Z,2020-03-25T08:19:40Z,2020-03-25T08:19:40Z,R_5nnUwLi2HNd4sQp,AIS,Assessing bundles of ecosystem services from regional to landscape scale: insights from the French Alps,Q25.2_11,,Other,"Q12: Which Ecosystem Services were considered?  - Environmental Driver - Energy [e.g.  biomass-based fuels, such as biofuel crops, animal waste, fuelwood]",Driver,Env,11,Q12,Energy,101,FALSE,TRUE,TRUE,Crouzat,2015,JOURNAL OF APPLIED ECOLOGY
2020-03-24T14:50:10Z,2020-03-25T08:19:40Z,2020-03-25T08:19:40Z,R_5nnUwLi2HNd4sQp,AIS,Assessing bundles of ecosystem services from regional to landscape scale: insights from the French Alps,Q25.2_12,,Other,Q12: Which Ecosystem Services were considered?  - Environmental Driver - Food and feed,Driver,Env,12,Q12,Food,102,FALSE,TRUE,TRUE,Crouzat,2015,JOURNAL OF APPLIED ECOLOGY
2020-03-24T14:50:10Z,2020-03-25T08:19:40Z,2020-03-25T08:19:40Z,R_5nnUwLi2HNd4sQp,AIS,Assessing bundles of ecosystem services from regional to landscape scale: insights from the French Alps,Q25.2_13,,Other,"Q12: Which Ecosystem Services were considered?  - Environmental Driver - Materials and assistance [e.g. wood, fibers, waxes, paper, resins, dyes, pearls, shells, ornamental plants, pets, herders]",Driver,Env,13,Q12,Materials,103,FALSE,TRUE,TRUE,Crouzat,2015,JOURNAL OF APPLIED ECOLOGY
2020-03-24T14:50:10Z,2020-03-25T08:19:40Z,2020-03-25T08:19:40Z,R_5nnUwLi2HNd4sQp,AIS,Assessing bundles of ecosystem services from regional to landscape scale: insights from the French Alps,Q25.2_15,,Other,"Q12: Which Ecosystem Services were considered?  - Environmental Driver - Maintenance of options [e.g. benefits (including those of future generations) associated with the continued existence of a wide variety of species, populations and genotypes]",Driver,Env,15,Q12,MaintainOpts,105,FALSE,TRUE,TRUE,Crouzat,2015,JOURNAL OF APPLIED ECOLOGY
2020-03-24T14:50:10Z,2020-03-25T08:19:40Z,2020-03-25T08:19:40Z,R_5nnUwLi2HNd4sQp,AIS,Assessing bundles of ecosystem services from regional to landscape scale: insights from the French Alps,Q25.2_16,,Other,"Q12: Which Ecosystem Services were considered?  - Environmental Driver - Cultural Services, including Physical and psychological experiences ##do we include this?? [e.g. hunting, fishing, hiking]",Driver,Env,16,Q12,CulturePsych,106,FALSE,TRUE,TRUE,Crouzat,2015,JOURNAL OF APPLIED ECOLOGY
2020-03-24T14:50:10Z,2020-03-25T08:19:40Z,2020-03-25T08:19:40Z,R_5nnUwLi2HNd4sQp,AIS,Assessing bundles of ecosystem services from regional to landscape scale: insights from the French Alps,Q25.3_2,,Management Practices,Q12: Which Ecosystem Services were considered?  - Human Driver - Pollination and dispersal of seeds or other propagules,Driver,Anthro,2,Q12,Pollination,108,FALSE,TRUE,TRUE,Crouzat,2015,JOURNAL OF APPLIED ECOLOGY
2020-03-24T14:50:10Z,2020-03-25T08:19:40Z,2020-03-25T08:19:40Z,R_5nnUwLi2HNd4sQp,AIS,Assessing bundles of ecosystem services from regional to landscape scale: insights from the French Alps,Q25.3_4,,Management Practices,Q12: Which Ecosystem Services were considered?  - Human Driver - Regulation of climate [e.g. biological carbon storage and sequestration; methane emissions from wetlands],Driver,Anthro,4,Q12,ClimReg,110,FALSE,TRUE,TRUE,Crouzat,2015,JOURNAL OF APPLIED ECOLOGY
2020-03-24T14:50:10Z,2020-03-25T08:19:40Z,2020-03-25T08:19:40Z,R_5nnUwLi2HNd4sQp,AIS,Assessing bundles of ecosystem services from regional to landscape scale: insights from the French Alps,Q25.3_7,,Management Practices,"Q12: Which Ecosystem Services were considered?  - Human Driver - Regulation of freshwater and coastal water quality [e.g. filtration of particles, pathogens, excess nutrients, and other chemicals]",Driver,Anthro,7,Q12,coastWQReg,113,FALSE,TRUE,TRUE,Crouzat,2015,JOURNAL OF APPLIED ECOLOGY
2020-03-24T14:50:10Z,2020-03-25T08:19:40Z,2020-03-25T08:19:40Z,R_5nnUwLi2HNd4sQp,AIS,Assessing bundles of ecosystem services from regional to landscape scale: insights from the French Alps,Q25.3_8,,Management Practices,"Q12: Which Ecosystem Services were considered?  - Human Driver - Formation, protection, and decontamination of soils and sediments [e.g decomposition, erosion control]",Driver,Anthro,8,Q12,SoilProtect,114,FALSE,TRUE,TRUE,Crouzat,2015,JOURNAL OF APPLIED ECOLOGY
2020-03-24T14:50:10Z,2020-03-25T08:19:40Z,2020-03-25T08:19:40Z,R_5nnUwLi2HNd4sQp,AIS,Assessing bundles of ecosystem services from regional to landscape scale: insights from the French Alps,Q25.3_9,,Management Practices,"Q12: Which Ecosystem Services were considered?  - Human Driver - Regulation of hazards and extreme events [e.g. amelioration of floods, wind, storms, hurricanes, seawater intrusion]",Driver,Anthro,9,Q12,Hazards,115,FALSE,TRUE,TRUE,Crouzat,2015,JOURNAL OF APPLIED ECOLOGY
2020-03-24T14:50:10Z,2020-03-25T08:19:40Z,2020-03-25T08:19:40Z,R_5nnUwLi2HNd4sQp,AIS,Assessing bundles of ecosystem services from regional to landscape scale: insights from the French Alps,Q25.3_10,,Management Practices,"Q12: Which Ecosystem Services were considered?  - Human Driver - Regulation of detrimental organisms and biological processes [e.g. pests, pathogens, predators, competitors, etc. that affect humans, plants and animals]",Driver,Anthro,10,Q12,PestPath,116,FALSE,TRUE,TRUE,Crouzat,2015,JOURNAL OF APPLIED ECOLOGY
2020-03-24T14:50:10Z,2020-03-25T08:19:40Z,2020-03-25T08:19:40Z,R_5nnUwLi2HNd4sQp,AIS,Assessing bundles of ecosystem services from regional to landscape scale: insights from the French Alps,Q25.3_11,,Management Practices,"Q12: Which Ecosystem Services were considered?  - Human Driver - Energy [e.g.  biomass-based fuels, such as biofuel crops, animal waste, fuelwood]",Driver,Anthro,11,Q12,Energy,117,FALSE,TRUE,TRUE,Crouzat,2015,JOURNAL OF APPLIED ECOLOGY
2020-03-24T14:50:10Z,2020-03-25T08:19:40Z,2020-03-25T08:19:40Z,R_5nnUwLi2HNd4sQp,AIS,Assessing bundles of ecosystem services from regional to landscape scale: insights from the French Alps,Q25.3_12,,Management Practices,Q12: Which Ecosystem Services were considered?  - Human Driver - Food and feed,Driver,Anthro,12,Q12,Food,118,FALSE,TRUE,TRUE,Crouzat,2015,JOURNAL OF APPLIED ECOLOGY
2020-03-24T14:50:10Z,2020-03-25T08:19:40Z,2020-03-25T08:19:40Z,R_5nnUwLi2HNd4sQp,AIS,Assessing bundles of ecosystem services from regional to landscape scale: insights from the French Alps,Q25.3_13,,Management Practices,"Q12: Which Ecosystem Services were considered?  - Human Driver - Materials and assistance [e.g. wood, fibers, waxes, paper, resins, dyes, pearls, shells, ornamental plants, pets, herders]",Driver,Anthro,13,Q12,Materials,119,FALSE,TRUE,TRUE,Crouzat,2015,JOURNAL OF APPLIED ECOLOGY
2020-03-24T14:50:10Z,2020-03-25T08:19:40Z,2020-03-25T08:19:40Z,R_5nnUwLi2HNd4sQp,AIS,Assessing bundles of ecosystem services from regional to landscape scale: insights from the French Alps,Q25.3_15,,Management Practices,"Q12: Which Ecosystem Services were considered?  - Human Driver - Maintenance of options [e.g. benefits (including those of future generations) associated with the continued existence of a wide variety of species, populations and genotypes]",Driver,Anthro,15,Q12,MaintainOpts,121,FALSE,TRUE,TRUE,Crouzat,2015,JOURNAL OF APPLIED ECOLOGY
2020-03-24T14:50:10Z,2020-03-25T08:19:40Z,2020-03-25T08:19:40Z,R_5nnUwLi2HNd4sQp,AIS,Assessing bundles of ecosystem services from regional to landscape scale: insights from the French Alps,Q25.3_16,,Management Practices,"Q12: Which Ecosystem Services were considered?  - Human Driver - Cultural Services, including Physical and psychological experiences ##do we include this?? [e.g. hunting, fishing, hiking]",Driver,Anthro,16,Q12,CulturePsych,122,FALSE,TRUE,TRUE,Crouzat,2015,JOURNAL OF APPLIED ECOLOGY
2020-03-24T14:50:10Z,2020-03-25T08:19:40Z,2020-03-25T08:19:40Z,R_5nnUwLi2HNd4sQp,AIS,Assessing bundles of ecosystem services from regional to landscape scale: insights from the French Alps,Q25.4_2,,,Q12: Which Ecosystem Services were considered?  - Biotic Driver - Pollination and dispersal of seeds or other propagules,Driver,Bio,2,Q12,Pollination,124,FALSE,TRUE,TRUE,Crouzat,2015,JOURNAL OF APPLIED ECOLOGY
2020-03-24T14:50:10Z,2020-03-25T08:19:40Z,2020-03-25T08:19:40Z,R_5nnUwLi2HNd4sQp,AIS,Assessing bundles of ecosystem services from regional to landscape scale: insights from the French Alps,Q25.4_4,,,Q12: Which Ecosystem Services were considered?  - Biotic Driver - Regulation of climate [e.g. biological carbon storage and sequestration; methane emissions from wetlands],Driver,Bio,4,Q12,ClimReg,126,FALSE,TRUE,TRUE,Crouzat,2015,JOURNAL OF APPLIED ECOLOGY
2020-03-24T14:50:10Z,2020-03-25T08:19:40Z,2020-03-25T08:19:40Z,R_5nnUwLi2HNd4sQp,AIS,Assessing bundles of ecosystem services from regional to landscape scale: insights from the French Alps,Q25.4_7,,,"Q12: Which Ecosystem Services were considered?  - Biotic Driver - Regulation of freshwater and coastal water quality [e.g. filtration of particles, pathogens, excess nutrients, and other chemicals]",Driver,Bio,7,Q12,coastWQReg,129,FALSE,TRUE,TRUE,Crouzat,2015,JOURNAL OF APPLIED ECOLOGY
2020-03-24T14:50:10Z,2020-03-25T08:19:40Z,2020-03-25T08:19:40Z,R_5nnUwLi2HNd4sQp,AIS,Assessing bundles of ecosystem services from regional to landscape scale: insights from the French Alps,Q25.4_8,,,"Q12: Which Ecosystem Services were considered?  - Biotic Driver - Formation, protection, and decontamination of soils and sediments [e.g decomposition, erosion control]",Driver,Bio,8,Q12,SoilProtect,130,FALSE,TRUE,TRUE,Crouzat,2015,JOURNAL OF APPLIED ECOLOGY
2020-03-24T14:50:10Z,2020-03-25T08:19:40Z,2020-03-25T08:19:40Z,R_5nnUwLi2HNd4sQp,AIS,Assessing bundles of ecosystem services from regional to landscape scale: insights from the French Alps,Q25.4_9,,,"Q12: Which Ecosystem Services were considered?  - Biotic Driver - Regulation of hazards and extreme events [e.g. amelioration of floods, wind, storms, hurricanes, seawater intrusion]",Driver,Bio,9,Q12,Hazards,131,FALSE,TRUE,TRUE,Crouzat,2015,JOURNAL OF APPLIED ECOLOGY
2020-03-24T14:50:10Z,2020-03-25T08:19:40Z,2020-03-25T08:19:40Z,R_5nnUwLi2HNd4sQp,AIS,Assessing bundles of ecosystem services from regional to landscape scale: insights from the French Alps,Q25.4_10,,Service Provider (Q17),"Q12: Which Ecosystem Services were considered?  - Biotic Driver - Regulation of detrimental organisms and biological processes [e.g. pests, pathogens, predators, competitors, etc. that affect humans, plants and animals]",Driver,Bio,10,Q12,PestPath,132,FALSE,TRUE,TRUE,Crouzat,2015,JOURNAL OF APPLIED ECOLOGY
2020-03-24T14:50:10Z,2020-03-25T08:19:40Z,2020-03-25T08:19:40Z,R_5nnUwLi2HNd4sQp,AIS,Assessing bundles of ecosystem services from regional to landscape scale: insights from the French Alps,Q25.4_11,,,"Q12: Which Ecosystem Services were considered?  - Biotic Driver - Energy [e.g.  biomass-based fuels, such as biofuel crops, animal waste, fuelwood]",Driver,Bio,11,Q12,Energy,133,FALSE,TRUE,TRUE,Crouzat,2015,JOURNAL OF APPLIED ECOLOGY
2020-03-24T14:50:10Z,2020-03-25T08:19:40Z,2020-03-25T08:19:40Z,R_5nnUwLi2HNd4sQp,AIS,Assessing bundles of ecosystem services from regional to landscape scale: insights from the French Alps,Q25.4_12,,,Q12: Which Ecosystem Services were considered?  - Biotic Driver - Food and feed,Driver,Bio,12,Q12,Food,134,FALSE,TRUE,TRUE,Crouzat,2015,JOURNAL OF APPLIED ECOLOGY
2020-03-24T14:50:10Z,2020-03-25T08:19:40Z,2020-03-25T08:19:40Z,R_5nnUwLi2HNd4sQp,AIS,Assessing bundles of ecosystem services from regional to landscape scale: insights from the French Alps,Q25.4_13,,,"Q12: Which Ecosystem Services were considered?  - Biotic Driver - Materials and assistance [e.g. wood, fibers, waxes, paper, resins, dyes, pearls, shells, ornamental plants, pets, herders]",Driver,Bio,13,Q12,Materials,135,FALSE,TRUE,TRUE,Crouzat,2015,JOURNAL OF APPLIED ECOLOGY
2020-03-24T14:50:10Z,2020-03-25T08:19:40Z,2020-03-25T08:19:40Z,R_5nnUwLi2HNd4sQp,AIS,Assessing bundles of ecosystem services from regional to landscape scale: insights from the French Alps,Q25.4_15,,Service Provider (Q17),"Q12: Which Ecosystem Services were considered?  - Biotic Driver - Maintenance of options [e.g. benefits (including those of future generations) associated with the continued existence of a wide variety of species, populations and genotypes]",Driver,Bio,15,Q12,MaintainOpts,137,FALSE,TRUE,TRUE,Crouzat,2015,JOURNAL OF APPLIED ECOLOGY
2020-03-24T14:50:10Z,2020-03-25T08:19:40Z,2020-03-25T08:19:40Z,R_5nnUwLi2HNd4sQp,AIS,Assessing bundles of ecosystem services from regional to landscape scale: insights from the French Alps,Q25.4_16,,,"Q12: Which Ecosystem Services were considered?  - Biotic Driver - Cultural Services, including Physical and psychological experiences ##do we include this?? [e.g. hunting, fishing, hiking]",Driver,Bio,16,Q12,CulturePsych,138,FALSE,TRUE,TRUE,Crouzat,2015,JOURNAL OF APPLIED ECOLOGY
2020-03-24T14:50:10Z,2020-03-25T08:19:40Z,2020-03-25T08:19:40Z,R_5nnUwLi2HNd4sQp,AIS,Assessing bundles of ecosystem services from regional to landscape scale: insights from the French Alps,Q25.5_2,ES,,Q12: Which Ecosystem Services were considered?  - Paper reported Response 1 as: - Pollination and dispersal of seeds or other propagules,Yclass,,2,Q12,Pollination,140,FALSE,TRUE,TRUE,Crouzat,2015,JOURNAL OF APPLIED ECOLOGY
2020-03-24T14:50:10Z,2020-03-25T08:19:40Z,2020-03-25T08:19:40Z,R_5nnUwLi2HNd4sQp,AIS,Assessing bundles of ecosystem services from regional to landscape scale: insights from the French Alps,Q25.5_4,ES,,Q12: Which Ecosystem Services were considered?  - Paper reported Response 1 as: - Regulation of climate [e.g. biological carbon storage and sequestration; methane emissions from wetlands],Yclass,,4,Q12,ClimReg,142,FALSE,TRUE,TRUE,Crouzat,2015,JOURNAL OF APPLIED ECOLOGY
2020-03-24T14:50:10Z,2020-03-25T08:19:40Z,2020-03-25T08:19:40Z,R_5nnUwLi2HNd4sQp,AIS,Assessing bundles of ecosystem services from regional to landscape scale: insights from the French Alps,Q25.5_7,ES,,"Q12: Which Ecosystem Services were considered?  - Paper reported Response 1 as: - Regulation of freshwater and coastal water quality [e.g. filtration of particles, pathogens, excess nutrients, and other chemicals]",Yclass,,7,Q12,coastWQReg,145,FALSE,TRUE,TRUE,Crouzat,2015,JOURNAL OF APPLIED ECOLOGY
2020-03-24T14:50:10Z,2020-03-25T08:19:40Z,2020-03-25T08:19:40Z,R_5nnUwLi2HNd4sQp,AIS,Assessing bundles of ecosystem services from regional to landscape scale: insights from the French Alps,Q25.5_8,ES,,"Q12: Which Ecosystem Services were considered?  - Paper reported Response 1 as: - Formation, protection, and decontamination of soils and sediments [e.g decomposition, erosion control]",Yclass,,8,Q12,SoilProtect,146,FALSE,TRUE,TRUE,Crouzat,2015,JOURNAL OF APPLIED ECOLOGY
2020-03-24T14:50:10Z,2020-03-25T08:19:40Z,2020-03-25T08:19:40Z,R_5nnUwLi2HNd4sQp,AIS,Assessing bundles of ecosystem services from regional to landscape scale: insights from the French Alps,Q25.5_9,ES,,"Q12: Which Ecosystem Services were considered?  - Paper reported Response 1 as: - Regulation of hazards and extreme events [e.g. amelioration of floods, wind, storms, hurricanes, seawater intrusion]",Yclass,,9,Q12,Hazards,147,FALSE,TRUE,TRUE,Crouzat,2015,JOURNAL OF APPLIED ECOLOGY
2020-03-24T14:50:10Z,2020-03-25T08:19:40Z,2020-03-25T08:19:40Z,R_5nnUwLi2HNd4sQp,AIS,Assessing bundles of ecosystem services from regional to landscape scale: insights from the French Alps,Q25.5_10,ES,,"Q12: Which Ecosystem Services were considered?  - Paper reported Response 1 as: - Regulation of detrimental organisms and biological processes [e.g. pests, pathogens, predators, competitors, etc. that affect humans, plants and animals]",Yclass,,10,Q12,PestPath,148,FALSE,TRUE,TRUE,Crouzat,2015,JOURNAL OF APPLIED ECOLOGY
2020-03-24T14:50:10Z,2020-03-25T08:19:40Z,2020-03-25T08:19:40Z,R_5nnUwLi2HNd4sQp,AIS,Assessing bundles of ecosystem services from regional to landscape scale: insights from the French Alps,Q25.5_11,ES,,"Q12: Which Ecosystem Services were considered?  - Paper reported Response 1 as: - Energy [e.g.  biomass-based fuels, such as biofuel crops, animal waste, fuelwood]",Yclass,,11,Q12,Energy,149,FALSE,TRUE,TRUE,Crouzat,2015,JOURNAL OF APPLIED ECOLOGY
2020-03-24T14:50:10Z,2020-03-25T08:19:40Z,2020-03-25T08:19:40Z,R_5nnUwLi2HNd4sQp,AIS,Assessing bundles of ecosystem services from regional to landscape scale: insights from the French Alps,Q25.5_12,ES,,Q12: Which Ecosystem Services were considered?  - Paper reported Response 1 as: - Food and feed,Yclass,,12,Q12,Food,150,FALSE,TRUE,TRUE,Crouzat,2015,JOURNAL OF APPLIED ECOLOGY
2020-03-24T14:50:10Z,2020-03-25T08:19:40Z,2020-03-25T08:19:40Z,R_5nnUwLi2HNd4sQp,AIS,Assessing bundles of ecosystem services from regional to landscape scale: insights from the French Alps,Q25.5_13,ES,,"Q12: Which Ecosystem Services were considered?  - Paper reported Response 1 as: - Materials and assistance [e.g. wood, fibers, waxes, paper, resins, dyes, pearls, shells, ornamental plants, pets, herders]",Yclass,,13,Q12,Materials,151,FALSE,TRUE,TRUE,Crouzat,2015,JOURNAL OF APPLIED ECOLOGY
2020-03-24T14:50:10Z,2020-03-25T08:19:40Z,2020-03-25T08:19:40Z,R_5nnUwLi2HNd4sQp,AIS,Assessing bundles of ecosystem services from regional to landscape scale: insights from the French Alps,Q25.5_15,ES,,"Q12: Which Ecosystem Services were considered?  - Paper reported Response 1 as: - Maintenance of options [e.g. benefits (including those of future generations) associated with the continued existence of a wide variety of species, populations and genotypes]",Yclass,,15,Q12,MaintainOpts,153,FALSE,TRUE,TRUE,Crouzat,2015,JOURNAL OF APPLIED ECOLOGY
2020-03-24T14:50:10Z,2020-03-25T08:19:40Z,2020-03-25T08:19:40Z,R_5nnUwLi2HNd4sQp,AIS,Assessing bundles of ecosystem services from regional to landscape scale: insights from the French Alps,Q25.5_16,ES,,"Q12: Which Ecosystem Services were considered?  - Paper reported Response 1 as: - Cultural Services, including Physical and psychological experiences ##do we include this?? [e.g. hunting, fishing, hiking]",Yclass,,16,Q12,CulturePsych,154,FALSE,TRUE,TRUE,Crouzat,2015,JOURNAL OF APPLIED ECOLOGY
2020-03-24T14:50:10Z,2020-03-25T08:19:40Z,2020-03-25T08:19:40Z,R_5nnUwLi2HNd4sQp,AIS,Assessing bundles of ecosystem services from regional to landscape scale: insights from the French Alps,Q25.6_2,,+,Q12: Which Ecosystem Services were considered?  - Direction of Environmental Driver Relationship - Pollination and dispersal of seeds or other propagules,EffectDirect,Env,2,Q12,Pollination,156,FALSE,TRUE,TRUE,Crouzat,2015,JOURNAL OF APPLIED ECOLOGY
2020-03-24T14:50:10Z,2020-03-25T08:19:40Z,2020-03-25T08:19:40Z,R_5nnUwLi2HNd4sQp,AIS,Assessing bundles of ecosystem services from regional to landscape scale: insights from the French Alps,Q25.6_4,,+,Q12: Which Ecosystem Services were considered?  - Direction of Environmental Driver Relationship - Regulation of climate [e.g. biological carbon storage and sequestration; methane emissions from wetlands],EffectDirect,Env,4,Q12,ClimReg,158,FALSE,TRUE,TRUE,Crouzat,2015,JOURNAL OF APPLIED ECOLOGY
2020-03-24T14:50:10Z,2020-03-25T08:19:40Z,2020-03-25T08:19:40Z,R_5nnUwLi2HNd4sQp,AIS,Assessing bundles of ecosystem services from regional to landscape scale: insights from the French Alps,Q25.6_7,,+,"Q12: Which Ecosystem Services were considered?  - Direction of Environmental Driver Relationship - Regulation of freshwater and coastal water quality [e.g. filtration of particles, pathogens, excess nutrients, and other chemicals]",EffectDirect,Env,7,Q12,coastWQReg,161,FALSE,TRUE,TRUE,Crouzat,2015,JOURNAL OF APPLIED ECOLOGY
2020-03-24T14:50:10Z,2020-03-25T08:19:40Z,2020-03-25T08:19:40Z,R_5nnUwLi2HNd4sQp,AIS,Assessing bundles of ecosystem services from regional to landscape scale: insights from the French Alps,Q25.6_8,,+,"Q12: Which Ecosystem Services were considered?  - Direction of Environmental Driver Relationship - Formation, protection, and decontamination of soils and sediments [e.g decomposition, erosion control]",EffectDirect,Env,8,Q12,SoilProtect,162,FALSE,TRUE,TRUE,Crouzat,2015,JOURNAL OF APPLIED ECOLOGY
2020-03-24T14:50:10Z,2020-03-25T08:19:40Z,2020-03-25T08:19:40Z,R_5nnUwLi2HNd4sQp,AIS,Assessing bundles of ecosystem services from regional to landscape scale: insights from the French Alps,Q25.6_9,,+,"Q12: Which Ecosystem Services were considered?  - Direction of Environmental Driver Relationship - Regulation of hazards and extreme events [e.g. amelioration of floods, wind, storms, hurricanes, seawater intrusion]",EffectDirect,Env,9,Q12,Hazards,163,FALSE,TRUE,TRUE,Crouzat,2015,JOURNAL OF APPLIED ECOLOGY
2020-03-24T14:50:10Z,2020-03-25T08:19:40Z,2020-03-25T08:19:40Z,R_5nnUwLi2HNd4sQp,AIS,Assessing bundles of ecosystem services from regional to landscape scale: insights from the French Alps,Q25.6_10,,+,"Q12: Which Ecosystem Services were considered?  - Direction of Environmental Driver Relationship - Regulation of detrimental organisms and biological processes [e.g. pests, pathogens, predators, competitors, etc. that affect humans, plants and animals]",EffectDirect,Env,10,Q12,PestPath,164,FALSE,TRUE,TRUE,Crouzat,2015,JOURNAL OF APPLIED ECOLOGY
2020-03-24T14:50:10Z,2020-03-25T08:19:40Z,2020-03-25T08:19:40Z,R_5nnUwLi2HNd4sQp,AIS,Assessing bundles of ecosystem services from regional to landscape scale: insights from the French Alps,Q25.6_11,,+,"Q12: Which Ecosystem Services were considered?  - Direction of Environmental Driver Relationship - Energy [e.g.  biomass-based fuels, such as biofuel crops, animal waste, fuelwood]",EffectDirect,Env,11,Q12,Energy,165,FALSE,TRUE,TRUE,Crouzat,2015,JOURNAL OF APPLIED ECOLOGY
2020-03-24T14:50:10Z,2020-03-25T08:19:40Z,2020-03-25T08:19:40Z,R_5nnUwLi2HNd4sQp,AIS,Assessing bundles of ecosystem services from regional to landscape scale: insights from the French Alps,Q25.6_12,,+,Q12: Which Ecosystem Services were considered?  - Direction of Environmental Driver Relationship - Food and feed,EffectDirect,Env,12,Q12,Food,166,FALSE,TRUE,TRUE,Crouzat,2015,JOURNAL OF APPLIED ECOLOGY
2020-03-24T14:50:10Z,2020-03-25T08:19:40Z,2020-03-25T08:19:40Z,R_5nnUwLi2HNd4sQp,AIS,Assessing bundles of ecosystem services from regional to landscape scale: insights from the French Alps,Q25.6_13,,+,"Q12: Which Ecosystem Services were considered?  - Direction of Environmental Driver Relationship - Materials and assistance [e.g. wood, fibers, waxes, paper, resins, dyes, pearls, shells, ornamental plants, pets, herders]",EffectDirect,Env,13,Q12,Materials,167,FALSE,TRUE,TRUE,Crouzat,2015,JOURNAL OF APPLIED ECOLOGY
2020-03-24T14:50:10Z,2020-03-25T08:19:40Z,2020-03-25T08:19:40Z,R_5nnUwLi2HNd4sQp,AIS,Assessing bundles of ecosystem services from regional to landscape scale: insights from the French Alps,Q25.6_15,,+,"Q12: Which Ecosystem Services were considered?  - Direction of Environmental Driver Relationship - Maintenance of options [e.g. benefits (including those of future generations) associated with the continued existence of a wide variety of species, populations and genotypes]",EffectDirect,Env,15,Q12,MaintainOpts,169,FALSE,TRUE,TRUE,Crouzat,2015,JOURNAL OF APPLIED ECOLOGY
2020-03-24T14:50:10Z,2020-03-25T08:19:40Z,2020-03-25T08:19:40Z,R_5nnUwLi2HNd4sQp,AIS,Assessing bundles of ecosystem services from regional to landscape scale: insights from the French Alps,Q25.6_16,,+,"Q12: Which Ecosystem Services were considered?  - Direction of Environmental Driver Relationship - Cultural Services, including Physical and psychological experiences ##do we include this?? [e.g. hunting, fishing, hiking]",EffectDirect,Env,16,Q12,CulturePsych,170,FALSE,TRUE,TRUE,Crouzat,2015,JOURNAL OF APPLIED ECOLOGY
2020-03-24T14:50:10Z,2020-03-25T08:19:40Z,2020-03-25T08:19:40Z,R_5nnUwLi2HNd4sQp,AIS,Assessing bundles of ecosystem services from regional to landscape scale: insights from the French Alps,Q25.7_2,,Mixed,Q12: Which Ecosystem Services were considered?  - Direction of Human Driver Relationship - Pollination and dispersal of seeds or other propagules,EffectDirect,Anthro,2,Q12,Pollination,172,FALSE,TRUE,TRUE,Crouzat,2015,JOURNAL OF APPLIED ECOLOGY
2020-03-24T14:50:10Z,2020-03-25T08:19:40Z,2020-03-25T08:19:40Z,R_5nnUwLi2HNd4sQp,AIS,Assessing bundles of ecosystem services from regional to landscape scale: insights from the French Alps,Q25.7_4,,Mixed,Q12: Which Ecosystem Services were considered?  - Direction of Human Driver Relationship - Regulation of climate [e.g. biological carbon storage and sequestration; methane emissions from wetlands],EffectDirect,Anthro,4,Q12,ClimReg,174,FALSE,TRUE,TRUE,Crouzat,2015,JOURNAL OF APPLIED ECOLOGY
2020-03-24T14:50:10Z,2020-03-25T08:19:40Z,2020-03-25T08:19:40Z,R_5nnUwLi2HNd4sQp,AIS,Assessing bundles of ecosystem services from regional to landscape scale: insights from the French Alps,Q25.7_7,,Mixed,"Q12: Which Ecosystem Services were considered?  - Direction of Human Driver Relationship - Regulation of freshwater and coastal water quality [e.g. filtration of particles, pathogens, excess nutrients, and other chemicals]",EffectDirect,Anthro,7,Q12,coastWQReg,177,FALSE,TRUE,TRUE,Crouzat,2015,JOURNAL OF APPLIED ECOLOGY
2020-03-24T14:50:10Z,2020-03-25T08:19:40Z,2020-03-25T08:19:40Z,R_5nnUwLi2HNd4sQp,AIS,Assessing bundles of ecosystem services from regional to landscape scale: insights from the French Alps,Q25.7_8,,Mixed,"Q12: Which Ecosystem Services were considered?  - Direction of Human Driver Relationship - Formation, protection, and decontamination of soils and sediments [e.g decomposition, erosion control]",EffectDirect,Anthro,8,Q12,SoilProtect,178,FALSE,TRUE,TRUE,Crouzat,2015,JOURNAL OF APPLIED ECOLOGY
2020-03-24T14:50:10Z,2020-03-25T08:19:40Z,2020-03-25T08:19:40Z,R_5nnUwLi2HNd4sQp,AIS,Assessing bundles of ecosystem services from regional to landscape scale: insights from the French Alps,Q25.7_9,,Mixed,"Q12: Which Ecosystem Services were considered?  - Direction of Human Driver Relationship - Regulation of hazards and extreme events [e.g. amelioration of floods, wind, storms, hurricanes, seawater intrusion]",EffectDirect,Anthro,9,Q12,Hazards,179,FALSE,TRUE,TRUE,Crouzat,2015,JOURNAL OF APPLIED ECOLOGY
2020-03-24T14:50:10Z,2020-03-25T08:19:40Z,2020-03-25T08:19:40Z,R_5nnUwLi2HNd4sQp,AIS,Assessing bundles of ecosystem services from regional to landscape scale: insights from the French Alps,Q25.7_10,,Mixed,"Q12: Which Ecosystem Services were considered?  - Direction of Human Driver Relationship - Regulation of detrimental organisms and biological processes [e.g. pests, pathogens, predators, competitors, etc. that affect humans, plants and animals]",EffectDirect,Anthro,10,Q12,PestPath,180,FALSE,TRUE,TRUE,Crouzat,2015,JOURNAL OF APPLIED ECOLOGY
2020-03-24T14:50:10Z,2020-03-25T08:19:40Z,2020-03-25T08:19:40Z,R_5nnUwLi2HNd4sQp,AIS,Assessing bundles of ecosystem services from regional to landscape scale: insights from the French Alps,Q25.7_11,,Mixed,"Q12: Which Ecosystem Services were considered?  - Direction of Human Driver Relationship - Energy [e.g.  biomass-based fuels, such as biofuel crops, animal waste, fuelwood]",EffectDirect,Anthro,11,Q12,Energy,181,FALSE,TRUE,TRUE,Crouzat,2015,JOURNAL OF APPLIED ECOLOGY
2020-03-24T14:50:10Z,2020-03-25T08:19:40Z,2020-03-25T08:19:40Z,R_5nnUwLi2HNd4sQp,AIS,Assessing bundles of ecosystem services from regional to landscape scale: insights from the French Alps,Q25.7_12,,Mixed,Q12: Which Ecosystem Services were considered?  - Direction of Human Driver Relationship - Food and feed,EffectDirect,Anthro,12,Q12,Food,182,FALSE,TRUE,TRUE,Crouzat,2015,JOURNAL OF APPLIED ECOLOGY
2020-03-24T14:50:10Z,2020-03-25T08:19:40Z,2020-03-25T08:19:40Z,R_5nnUwLi2HNd4sQp,AIS,Assessing bundles of ecosystem services from regional to landscape scale: insights from the French Alps,Q25.7_13,,Mixed,"Q12: Which Ecosystem Services were considered?  - Direction of Human Driver Relationship - Materials and assistance [e.g. wood, fibers, waxes, paper, resins, dyes, pearls, shells, ornamental plants, pets, herders]",EffectDirect,Anthro,13,Q12,Materials,183,FALSE,TRUE,TRUE,Crouzat,2015,JOURNAL OF APPLIED ECOLOGY
2020-03-24T14:50:10Z,2020-03-25T08:19:40Z,2020-03-25T08:19:40Z,R_5nnUwLi2HNd4sQp,AIS,Assessing bundles of ecosystem services from regional to landscape scale: insights from the French Alps,Q25.7_15,,Mixed,"Q12: Which Ecosystem Services were considered?  - Direction of Human Driver Relationship - Maintenance of options [e.g. benefits (including those of future generations) associated with the continued existence of a wide variety of species, populations and genotypes]",EffectDirect,Anthro,15,Q12,MaintainOpts,185,FALSE,TRUE,TRUE,Crouzat,2015,JOURNAL OF APPLIED ECOLOGY
2020-03-24T14:50:10Z,2020-03-25T08:19:40Z,2020-03-25T08:19:40Z,R_5nnUwLi2HNd4sQp,AIS,Assessing bundles of ecosystem services from regional to landscape scale: insights from the French Alps,Q25.7_16,,Mixed,"Q12: Which Ecosystem Services were considered?  - Direction of Human Driver Relationship - Cultural Services, including Physical and psychological experiences ##do we include this?? [e.g. hunting, fishing, hiking]",EffectDirect,Anthro,16,Q12,CulturePsych,186,FALSE,TRUE,TRUE,Crouzat,2015,JOURNAL OF APPLIED ECOLOGY
2020-03-24T14:50:10Z,2020-03-25T08:19:40Z,2020-03-25T08:19:40Z,R_5nnUwLi2HNd4sQp,AIS,Assessing bundles of ecosystem services from regional to landscape scale: insights from the French Alps,Q25.8_2,,,Q12: Which Ecosystem Services were considered?  - Direction of Biotic Driver Relationship - Pollination and dispersal of seeds or other propagules,EffectDirect,Bio,2,Q12,Pollination,188,FALSE,TRUE,TRUE,Crouzat,2015,JOURNAL OF APPLIED ECOLOGY
2020-03-24T14:50:10Z,2020-03-25T08:19:40Z,2020-03-25T08:19:40Z,R_5nnUwLi2HNd4sQp,AIS,Assessing bundles of ecosystem services from regional to landscape scale: insights from the French Alps,Q25.8_4,,,Q12: Which Ecosystem Services were considered?  - Direction of Biotic Driver Relationship - Regulation of climate [e.g. biological carbon storage and sequestration; methane emissions from wetlands],EffectDirect,Bio,4,Q12,ClimReg,190,FALSE,TRUE,TRUE,Crouzat,2015,JOURNAL OF APPLIED ECOLOGY
2020-03-24T14:50:10Z,2020-03-25T08:19:40Z,2020-03-25T08:19:40Z,R_5nnUwLi2HNd4sQp,AIS,Assessing bundles of ecosystem services from regional to landscape scale: insights from the French Alps,Q25.8_7,,,"Q12: Which Ecosystem Services were considered?  - Direction of Biotic Driver Relationship - Regulation of freshwater and coastal water quality [e.g. filtration of particles, pathogens, excess nutrients, and other chemicals]",EffectDirect,Bio,7,Q12,coastWQReg,193,FALSE,TRUE,TRUE,Crouzat,2015,JOURNAL OF APPLIED ECOLOGY
2020-03-24T14:50:10Z,2020-03-25T08:19:40Z,2020-03-25T08:19:40Z,R_5nnUwLi2HNd4sQp,AIS,Assessing bundles of ecosystem services from regional to landscape scale: insights from the French Alps,Q25.8_8,,,"Q12: Which Ecosystem Services were considered?  - Direction of Biotic Driver Relationship - Formation, protection, and decontamination of soils and sediments [e.g decomposition, erosion control]",EffectDirect,Bio,8,Q12,SoilProtect,194,FALSE,TRUE,TRUE,Crouzat,2015,JOURNAL OF APPLIED ECOLOGY
2020-03-24T14:50:10Z,2020-03-25T08:19:40Z,2020-03-25T08:19:40Z,R_5nnUwLi2HNd4sQp,AIS,Assessing bundles of ecosystem services from regional to landscape scale: insights from the French Alps,Q25.8_9,,,"Q12: Which Ecosystem Services were considered?  - Direction of Biotic Driver Relationship - Regulation of hazards and extreme events [e.g. amelioration of floods, wind, storms, hurricanes, seawater intrusion]",EffectDirect,Bio,9,Q12,Hazards,195,FALSE,TRUE,TRUE,Crouzat,2015,JOURNAL OF APPLIED ECOLOGY
2020-03-24T14:50:10Z,2020-03-25T08:19:40Z,2020-03-25T08:19:40Z,R_5nnUwLi2HNd4sQp,AIS,Assessing bundles of ecosystem services from regional to landscape scale: insights from the French Alps,Q25.8_10,,+,"Q12: Which Ecosystem Services were considered?  - Direction of Biotic Driver Relationship - Regulation of detrimental organisms and biological processes [e.g. pests, pathogens, predators, competitors, etc. that affect humans, plants and animals]",EffectDirect,Bio,10,Q12,PestPath,196,FALSE,TRUE,TRUE,Crouzat,2015,JOURNAL OF APPLIED ECOLOGY
2020-03-24T14:50:10Z,2020-03-25T08:19:40Z,2020-03-25T08:19:40Z,R_5nnUwLi2HNd4sQp,AIS,Assessing bundles of ecosystem services from regional to landscape scale: insights from the French Alps,Q25.8_11,,,"Q12: Which Ecosystem Services were considered?  - Direction of Biotic Driver Relationship - Energy [e.g.  biomass-based fuels, such as biofuel crops, animal waste, fuelwood]",EffectDirect,Bio,11,Q12,Energy,197,FALSE,TRUE,TRUE,Crouzat,2015,JOURNAL OF APPLIED ECOLOGY
2020-03-24T14:50:10Z,2020-03-25T08:19:40Z,2020-03-25T08:19:40Z,R_5nnUwLi2HNd4sQp,AIS,Assessing bundles of ecosystem services from regional to landscape scale: insights from the French Alps,Q25.8_12,,,Q12: Which Ecosystem Services were considered?  - Direction of Biotic Driver Relationship - Food and feed,EffectDirect,Bio,12,Q12,Food,198,FALSE,TRUE,TRUE,Crouzat,2015,JOURNAL OF APPLIED ECOLOGY
2020-03-24T14:50:10Z,2020-03-25T08:19:40Z,2020-03-25T08:19:40Z,R_5nnUwLi2HNd4sQp,AIS,Assessing bundles of ecosystem services from regional to landscape scale: insights from the French Alps,Q25.8_13,,,"Q12: Which Ecosystem Services were considered?  - Direction of Biotic Driver Relationship - Materials and assistance [e.g. wood, fibers, waxes, paper, resins, dyes, pearls, shells, ornamental plants, pets, herders]",EffectDirect,Bio,13,Q12,Materials,199,FALSE,TRUE,TRUE,Crouzat,2015,JOURNAL OF APPLIED ECOLOGY
2020-03-24T14:50:10Z,2020-03-25T08:19:40Z,2020-03-25T08:19:40Z,R_5nnUwLi2HNd4sQp,AIS,Assessing bundles of ecosystem services from regional to landscape scale: insights from the French Alps,Q25.8_15,,+,"Q12: Which Ecosystem Services were considered?  - Direction of Biotic Driver Relationship - Maintenance of options [e.g. benefits (including those of future generations) associated with the continued existence of a wide variety of species, populations and genotypes]",EffectDirect,Bio,15,Q12,MaintainOpts,201,FALSE,TRUE,TRUE,Crouzat,2015,JOURNAL OF APPLIED ECOLOGY
2020-03-24T14:50:10Z,2020-03-25T08:19:40Z,2020-03-25T08:19:40Z,R_5nnUwLi2HNd4sQp,AIS,Assessing bundles of ecosystem services from regional to landscape scale: insights from the French Alps,Q25.8_16,,,"Q12: Which Ecosystem Services were considered?  - Direction of Biotic Driver Relationship - Cultural Services, including Physical and psychological experiences ##do we include this?? [e.g. hunting, fishing, hiking]",EffectDirect,Bio,16,Q12,CulturePsych,202,FALSE,TRUE,TRUE,Crouzat,2015,JOURNAL OF APPLIED ECOLOGY
2020-03-24T14:50:10Z,2020-03-25T08:19:40Z,2020-03-25T08:19:40Z,R_5nnUwLi2HNd4sQp,AIS,Assessing bundles of ecosystem services from regional to landscape scale: insights from the French Alps,Q17,,"Land cover type, habitat provision",List Other Environmental Driver from Q12 (sep. with commas),OtherDriver,Env,,Q12,,203,FALSE,TRUE,TRUE,Crouzat,2015,JOURNAL OF APPLIED ECOLOGY
2020-03-24T14:50:10Z,2020-03-25T08:19:40Z,2020-03-25T08:19:40Z,R_5nnUwLi2HNd4sQp,AIS,Assessing bundles of ecosystem services from regional to landscape scale: insights from the French Alps,Q25,,,List Other Human Driver from Q12 (sep. with commas),OtherDriver,Anthro,,Q12,,204,FALSE,TRUE,TRUE,Crouzat,2015,JOURNAL OF APPLIED ECOLOGY
2020-03-24T14:50:10Z,2020-03-25T08:19:40Z,2020-03-25T08:19:40Z,R_5nnUwLi2HNd4sQp,AIS,Assessing bundles of ecosystem services from regional to landscape scale: insights from the French Alps,Q26,,,List Other Biotic Driver from Q12 (sep. with commas),OtherDriver,Bio,,Q12,,205,FALSE,TRUE,TRUE,Crouzat,2015,JOURNAL OF APPLIED ECOLOGY
2020-03-24T10:29:43Z,2020-03-24T11:32:46Z,2020-03-24T11:32:47Z,R_RlCDrcf5G0L2329,AIS,Ecosystem service bundles along the urban-rural gradient: Insights for landscape planning and management,Q25.1_3_1,"No2 dry deposition velocity, NO2 concentration levels",,"Q12: Which Ecosystem Services were considered?  - Write in the response variable used to approx. ES, or EF proxy - Regulation of air quality [e.g. levels of sulphur oxide, nitrogen oxides (N... - Regulation of air quality [e.g. levels of sulphur oxide, nitrogen oxides (NOx), filtration of pollutants] - Response 1: Separate by commas",Response,,3,Q12,AQReg,63,FALSE,TRUE,TRUE,Baro,2017,ECOSYSTEM SERVICES
2020-03-24T10:29:43Z,2020-03-24T11:32:46Z,2020-03-24T11:32:47Z,R_RlCDrcf5G0L2329,AIS,Ecosystem service bundles along the urban-rural gradient: Insights for landscape planning and management,Q25.1_4_1,"carbon sequestration, carbon emissions",,"Q12: Which Ecosystem Services were considered?  - Write in the response variable used to approx. ES, or EF proxy - Regulation of climate [e.g. biological carbon storage and sequestration; me... - Regulation of climate [e.g. biological carbon storage and sequestration; methane emissions from wetlands] - Response 1: Separate by commas",Response,,4,Q12,ClimReg,65,FALSE,TRUE,TRUE,Baro,2017,ECOSYSTEM SERVICES
2020-03-24T10:29:43Z,2020-03-24T11:32:46Z,2020-03-24T11:32:47Z,R_RlCDrcf5G0L2329,AIS,Ecosystem service bundles along the urban-rural gradient: Insights for landscape planning and management,Q25.1_8_1,"erosion control capacity, soil loss potential",,"Q12: Which Ecosystem Services were considered?  - Write in the response variable used to approx. ES, or EF proxy - Formation, protection, and decontamination of soils and sediments [e.g deco... - Formation, protection, and decontamination of soils and sediments [e.g decomposition, erosion control] - Response 1: Separate by commas",Response,,8,Q12,SoilProtect,73,FALSE,TRUE,TRUE,Baro,2017,ECOSYSTEM SERVICES
2020-03-24T10:29:43Z,2020-03-24T11:32:46Z,2020-03-24T11:32:47Z,R_RlCDrcf5G0L2329,AIS,Ecosystem service bundles along the urban-rural gradient: Insights for landscape planning and management,Q25.1_12_1,"crop production, livestock production, population density",,"Q12: Which Ecosystem Services were considered?  - Write in the response variable used to approx. ES, or EF proxy - Food and feed - Response 1: Separate by commas",Response,,12,Q12,Food,81,FALSE,TRUE,TRUE,Baro,2017,ECOSYSTEM SERVICES
2020-03-24T10:29:43Z,2020-03-24T11:32:46Z,2020-03-24T11:32:47Z,R_RlCDrcf5G0L2329,AIS,Ecosystem service bundles along the urban-rural gradient: Insights for landscape planning and management,Q25.1_16_1,"recreational potential, recreational demand",,"Q12: Which Ecosystem Services were considered?  - Write in the response variable used to approx. ES, or EF proxy - Cultural Services, including Physical and psychological experiences ##do we... - Cultural Services, including Physical and psychological experiences ##do we include this?? [e.g. hunting, fishing, hiking] - Response 1: Separate by commas",Response,,16,Q12,CulturePsych,89,FALSE,TRUE,TRUE,Baro,2017,ECOSYSTEM SERVICES
2020-03-24T10:29:43Z,2020-03-24T11:32:46Z,2020-03-24T11:32:47Z,R_RlCDrcf5G0L2329,AIS,Ecosystem service bundles along the urban-rural gradient: Insights for landscape planning and management,Q25.2_3,,,"Q12: Which Ecosystem Services were considered?  - Environmental Driver - Regulation of air quality [e.g. levels of sulphur oxide, nitrogen oxides (NOx), filtration of pollutants]",Driver,Env,3,Q12,AQReg,93,FALSE,TRUE,TRUE,Baro,2017,ECOSYSTEM SERVICES
2020-03-24T10:29:43Z,2020-03-24T11:32:46Z,2020-03-24T11:32:47Z,R_RlCDrcf5G0L2329,AIS,Ecosystem service bundles along the urban-rural gradient: Insights for landscape planning and management,Q25.2_4,,,Q12: Which Ecosystem Services were considered?  - Environmental Driver - Regulation of climate [e.g. biological carbon storage and sequestration; methane emissions from wetlands],Driver,Env,4,Q12,ClimReg,94,FALSE,TRUE,TRUE,Baro,2017,ECOSYSTEM SERVICES
2020-03-24T10:29:43Z,2020-03-24T11:32:46Z,2020-03-24T11:32:47Z,R_RlCDrcf5G0L2329,AIS,Ecosystem service bundles along the urban-rural gradient: Insights for landscape planning and management,Q25.2_8,,,"Q12: Which Ecosystem Services were considered?  - Environmental Driver - Formation, protection, and decontamination of soils and sediments [e.g decomposition, erosion control]",Driver,Env,8,Q12,SoilProtect,98,FALSE,TRUE,TRUE,Baro,2017,ECOSYSTEM SERVICES
2020-03-24T10:29:43Z,2020-03-24T11:32:46Z,2020-03-24T11:32:47Z,R_RlCDrcf5G0L2329,AIS,Ecosystem service bundles along the urban-rural gradient: Insights for landscape planning and management,Q25.2_12,,,Q12: Which Ecosystem Services were considered?  - Environmental Driver - Food and feed,Driver,Env,12,Q12,Food,102,FALSE,TRUE,TRUE,Baro,2017,ECOSYSTEM SERVICES
2020-03-24T10:29:43Z,2020-03-24T11:32:46Z,2020-03-24T11:32:47Z,R_RlCDrcf5G0L2329,AIS,Ecosystem service bundles along the urban-rural gradient: Insights for landscape planning and management,Q25.2_16,,,"Q12: Which Ecosystem Services were considered?  - Environmental Driver - Cultural Services, including Physical and psychological experiences ##do we include this?? [e.g. hunting, fishing, hiking]",Driver,Env,16,Q12,CulturePsych,106,FALSE,TRUE,TRUE,Baro,2017,ECOSYSTEM SERVICES
2020-03-24T10:29:43Z,2020-03-24T11:32:46Z,2020-03-24T11:32:47Z,R_RlCDrcf5G0L2329,AIS,Ecosystem service bundles along the urban-rural gradient: Insights for landscape planning and management,Q25.3_3,,Other,"Q12: Which Ecosystem Services were considered?  - Human Driver - Regulation of air quality [e.g. levels of sulphur oxide, nitrogen oxides (NOx), filtration of pollutants]",Driver,Anthro,3,Q12,AQReg,109,FALSE,TRUE,TRUE,Baro,2017,ECOSYSTEM SERVICES
2020-03-24T10:29:43Z,2020-03-24T11:32:46Z,2020-03-24T11:32:47Z,R_RlCDrcf5G0L2329,AIS,Ecosystem service bundles along the urban-rural gradient: Insights for landscape planning and management,Q25.3_4,,Other,Q12: Which Ecosystem Services were considered?  - Human Driver - Regulation of climate [e.g. biological carbon storage and sequestration; methane emissions from wetlands],Driver,Anthro,4,Q12,ClimReg,110,FALSE,TRUE,TRUE,Baro,2017,ECOSYSTEM SERVICES
2020-03-24T10:29:43Z,2020-03-24T11:32:46Z,2020-03-24T11:32:47Z,R_RlCDrcf5G0L2329,AIS,Ecosystem service bundles along the urban-rural gradient: Insights for landscape planning and management,Q25.3_8,,Other,"Q12: Which Ecosystem Services were considered?  - Human Driver - Formation, protection, and decontamination of soils and sediments [e.g decomposition, erosion control]",Driver,Anthro,8,Q12,SoilProtect,114,FALSE,TRUE,TRUE,Baro,2017,ECOSYSTEM SERVICES
2020-03-24T10:29:43Z,2020-03-24T11:32:46Z,2020-03-24T11:32:47Z,R_RlCDrcf5G0L2329,AIS,Ecosystem service bundles along the urban-rural gradient: Insights for landscape planning and management,Q25.3_12,,Other,Q12: Which Ecosystem Services were considered?  - Human Driver - Food and feed,Driver,Anthro,12,Q12,Food,118,FALSE,TRUE,TRUE,Baro,2017,ECOSYSTEM SERVICES
2020-03-24T10:29:43Z,2020-03-24T11:32:46Z,2020-03-24T11:32:47Z,R_RlCDrcf5G0L2329,AIS,Ecosystem service bundles along the urban-rural gradient: Insights for landscape planning and management,Q25.3_16,,Other,"Q12: Which Ecosystem Services were considered?  - Human Driver - Cultural Services, including Physical and psychological experiences ##do we include this?? [e.g. hunting, fishing, hiking]",Driver,Anthro,16,Q12,CulturePsych,122,FALSE,TRUE,TRUE,Baro,2017,ECOSYSTEM SERVICES
2020-03-24T10:29:43Z,2020-03-24T11:32:46Z,2020-03-24T11:32:47Z,R_RlCDrcf5G0L2329,AIS,Ecosystem service bundles along the urban-rural gradient: Insights for landscape planning and management,Q25.4_3,,,"Q12: Which Ecosystem Services were considered?  - Biotic Driver - Regulation of air quality [e.g. levels of sulphur oxide, nitrogen oxides (NOx), filtration of pollutants]",Driver,Bio,3,Q12,AQReg,125,FALSE,TRUE,TRUE,Baro,2017,ECOSYSTEM SERVICES
2020-03-24T10:29:43Z,2020-03-24T11:32:46Z,2020-03-24T11:32:47Z,R_RlCDrcf5G0L2329,AIS,Ecosystem service bundles along the urban-rural gradient: Insights for landscape planning and management,Q25.4_4,,,Q12: Which Ecosystem Services were considered?  - Biotic Driver - Regulation of climate [e.g. biological carbon storage and sequestration; methane emissions from wetlands],Driver,Bio,4,Q12,ClimReg,126,FALSE,TRUE,TRUE,Baro,2017,ECOSYSTEM SERVICES
2020-03-24T10:29:43Z,2020-03-24T11:32:46Z,2020-03-24T11:32:47Z,R_RlCDrcf5G0L2329,AIS,Ecosystem service bundles along the urban-rural gradient: Insights for landscape planning and management,Q25.4_8,,,"Q12: Which Ecosystem Services were considered?  - Biotic Driver - Formation, protection, and decontamination of soils and sediments [e.g decomposition, erosion control]",Driver,Bio,8,Q12,SoilProtect,130,FALSE,TRUE,TRUE,Baro,2017,ECOSYSTEM SERVICES
2020-03-24T10:29:43Z,2020-03-24T11:32:46Z,2020-03-24T11:32:47Z,R_RlCDrcf5G0L2329,AIS,Ecosystem service bundles along the urban-rural gradient: Insights for landscape planning and management,Q25.4_12,,,Q12: Which Ecosystem Services were considered?  - Biotic Driver - Food and feed,Driver,Bio,12,Q12,Food,134,FALSE,TRUE,TRUE,Baro,2017,ECOSYSTEM SERVICES
2020-03-24T10:29:43Z,2020-03-24T11:32:46Z,2020-03-24T11:32:47Z,R_RlCDrcf5G0L2329,AIS,Ecosystem service bundles along the urban-rural gradient: Insights for landscape planning and management,Q25.4_16,,,"Q12: Which Ecosystem Services were considered?  - Biotic Driver - Cultural Services, including Physical and psychological experiences ##do we include this?? [e.g. hunting, fishing, hiking]",Driver,Bio,16,Q12,CulturePsych,138,FALSE,TRUE,TRUE,Baro,2017,ECOSYSTEM SERVICES
2020-03-24T10:29:43Z,2020-03-24T11:32:46Z,2020-03-24T11:32:47Z,R_RlCDrcf5G0L2329,AIS,Ecosystem service bundles along the urban-rural gradient: Insights for landscape planning and management,Q25.5_3,Proxy for ES,,"Q12: Which Ecosystem Services were considered?  - Paper reported Response 1 as: - Regulation of air quality [e.g. levels of sulphur oxide, nitrogen oxides (NOx), filtration of pollutants]",Yclass,,3,Q12,AQReg,141,FALSE,TRUE,TRUE,Baro,2017,ECOSYSTEM SERVICES
2020-03-24T10:29:43Z,2020-03-24T11:32:46Z,2020-03-24T11:32:47Z,R_RlCDrcf5G0L2329,AIS,Ecosystem service bundles along the urban-rural gradient: Insights for landscape planning and management,Q25.5_4,Proxy for ES,,Q12: Which Ecosystem Services were considered?  - Paper reported Response 1 as: - Regulation of climate [e.g. biological carbon storage and sequestration; methane emissions from wetlands],Yclass,,4,Q12,ClimReg,142,FALSE,TRUE,TRUE,Baro,2017,ECOSYSTEM SERVICES
2020-03-24T10:29:43Z,2020-03-24T11:32:46Z,2020-03-24T11:32:47Z,R_RlCDrcf5G0L2329,AIS,Ecosystem service bundles along the urban-rural gradient: Insights for landscape planning and management,Q25.5_8,Proxy for ES,,"Q12: Which Ecosystem Services were considered?  - Paper reported Response 1 as: - Formation, protection, and decontamination of soils and sediments [e.g decomposition, erosion control]",Yclass,,8,Q12,SoilProtect,146,FALSE,TRUE,TRUE,Baro,2017,ECOSYSTEM SERVICES
2020-03-24T10:29:43Z,2020-03-24T11:32:46Z,2020-03-24T11:32:47Z,R_RlCDrcf5G0L2329,AIS,Ecosystem service bundles along the urban-rural gradient: Insights for landscape planning and management,Q25.5_12,Proxy for ES,,Q12: Which Ecosystem Services were considered?  - Paper reported Response 1 as: - Food and feed,Yclass,,12,Q12,Food,150,FALSE,TRUE,TRUE,Baro,2017,ECOSYSTEM SERVICES
2020-03-24T10:29:43Z,2020-03-24T11:32:46Z,2020-03-24T11:32:47Z,R_RlCDrcf5G0L2329,AIS,Ecosystem service bundles along the urban-rural gradient: Insights for landscape planning and management,Q25.5_16,Proxy for ES,,"Q12: Which Ecosystem Services were considered?  - Paper reported Response 1 as: - Cultural Services, including Physical and psychological experiences ##do we include this?? [e.g. hunting, fishing, hiking]",Yclass,,16,Q12,CulturePsych,154,FALSE,TRUE,TRUE,Baro,2017,ECOSYSTEM SERVICES
2020-03-24T10:29:43Z,2020-03-24T11:32:46Z,2020-03-24T11:32:47Z,R_RlCDrcf5G0L2329,AIS,Ecosystem service bundles along the urban-rural gradient: Insights for landscape planning and management,Q25.6_3,,,"Q12: Which Ecosystem Services were considered?  - Direction of Environmental Driver Relationship - Regulation of air quality [e.g. levels of sulphur oxide, nitrogen oxides (NOx), filtration of pollutants]",EffectDirect,Env,3,Q12,AQReg,157,FALSE,TRUE,TRUE,Baro,2017,ECOSYSTEM SERVICES
2020-03-24T10:29:43Z,2020-03-24T11:32:46Z,2020-03-24T11:32:47Z,R_RlCDrcf5G0L2329,AIS,Ecosystem service bundles along the urban-rural gradient: Insights for landscape planning and management,Q25.6_4,,,Q12: Which Ecosystem Services were considered?  - Direction of Environmental Driver Relationship - Regulation of climate [e.g. biological carbon storage and sequestration; methane emissions from wetlands],EffectDirect,Env,4,Q12,ClimReg,158,FALSE,TRUE,TRUE,Baro,2017,ECOSYSTEM SERVICES
2020-03-24T10:29:43Z,2020-03-24T11:32:46Z,2020-03-24T11:32:47Z,R_RlCDrcf5G0L2329,AIS,Ecosystem service bundles along the urban-rural gradient: Insights for landscape planning and management,Q25.6_8,,,"Q12: Which Ecosystem Services were considered?  - Direction of Environmental Driver Relationship - Formation, protection, and decontamination of soils and sediments [e.g decomposition, erosion control]",EffectDirect,Env,8,Q12,SoilProtect,162,FALSE,TRUE,TRUE,Baro,2017,ECOSYSTEM SERVICES
2020-03-24T10:29:43Z,2020-03-24T11:32:46Z,2020-03-24T11:32:47Z,R_RlCDrcf5G0L2329,AIS,Ecosystem service bundles along the urban-rural gradient: Insights for landscape planning and management,Q25.6_12,,,Q12: Which Ecosystem Services were considered?  - Direction of Environmental Driver Relationship - Food and feed,EffectDirect,Env,12,Q12,Food,166,FALSE,TRUE,TRUE,Baro,2017,ECOSYSTEM SERVICES
2020-03-24T10:29:43Z,2020-03-24T11:32:46Z,2020-03-24T11:32:47Z,R_RlCDrcf5G0L2329,AIS,Ecosystem service bundles along the urban-rural gradient: Insights for landscape planning and management,Q25.6_16,,,"Q12: Which Ecosystem Services were considered?  - Direction of Environmental Driver Relationship - Cultural Services, including Physical and psychological experiences ##do we include this?? [e.g. hunting, fishing, hiking]",EffectDirect,Env,16,Q12,CulturePsych,170,FALSE,TRUE,TRUE,Baro,2017,ECOSYSTEM SERVICES
2020-03-24T10:29:43Z,2020-03-24T11:32:46Z,2020-03-24T11:32:47Z,R_RlCDrcf5G0L2329,AIS,Ecosystem service bundles along the urban-rural gradient: Insights for landscape planning and management,Q25.7_3,,Mixed,"Q12: Which Ecosystem Services were considered?  - Direction of Human Driver Relationship - Regulation of air quality [e.g. levels of sulphur oxide, nitrogen oxides (NOx), filtration of pollutants]",EffectDirect,Anthro,3,Q12,AQReg,173,FALSE,TRUE,TRUE,Baro,2017,ECOSYSTEM SERVICES
2020-03-24T10:29:43Z,2020-03-24T11:32:46Z,2020-03-24T11:32:47Z,R_RlCDrcf5G0L2329,AIS,Ecosystem service bundles along the urban-rural gradient: Insights for landscape planning and management,Q25.7_4,,Mixed,Q12: Which Ecosystem Services were considered?  - Direction of Human Driver Relationship - Regulation of climate [e.g. biological carbon storage and sequestration; methane emissions from wetlands],EffectDirect,Anthro,4,Q12,ClimReg,174,FALSE,TRUE,TRUE,Baro,2017,ECOSYSTEM SERVICES
2020-03-24T10:29:43Z,2020-03-24T11:32:46Z,2020-03-24T11:32:47Z,R_RlCDrcf5G0L2329,AIS,Ecosystem service bundles along the urban-rural gradient: Insights for landscape planning and management,Q25.7_8,,Mixed,"Q12: Which Ecosystem Services were considered?  - Direction of Human Driver Relationship - Formation, protection, and decontamination of soils and sediments [e.g decomposition, erosion control]",EffectDirect,Anthro,8,Q12,SoilProtect,178,FALSE,TRUE,TRUE,Baro,2017,ECOSYSTEM SERVICES
2020-03-24T10:29:43Z,2020-03-24T11:32:46Z,2020-03-24T11:32:47Z,R_RlCDrcf5G0L2329,AIS,Ecosystem service bundles along the urban-rural gradient: Insights for landscape planning and management,Q25.7_12,,Mixed,Q12: Which Ecosystem Services were considered?  - Direction of Human Driver Relationship - Food and feed,EffectDirect,Anthro,12,Q12,Food,182,FALSE,TRUE,TRUE,Baro,2017,ECOSYSTEM SERVICES
2020-03-24T10:29:43Z,2020-03-24T11:32:46Z,2020-03-24T11:32:47Z,R_RlCDrcf5G0L2329,AIS,Ecosystem service bundles along the urban-rural gradient: Insights for landscape planning and management,Q25.7_16,,Mixed,"Q12: Which Ecosystem Services were considered?  - Direction of Human Driver Relationship - Cultural Services, including Physical and psychological experiences ##do we include this?? [e.g. hunting, fishing, hiking]",EffectDirect,Anthro,16,Q12,CulturePsych,186,FALSE,TRUE,TRUE,Baro,2017,ECOSYSTEM SERVICES
2020-03-24T10:29:43Z,2020-03-24T11:32:46Z,2020-03-24T11:32:47Z,R_RlCDrcf5G0L2329,AIS,Ecosystem service bundles along the urban-rural gradient: Insights for landscape planning and management,Q25.8_3,,,"Q12: Which Ecosystem Services were considered?  - Direction of Biotic Driver Relationship - Regulation of air quality [e.g. levels of sulphur oxide, nitrogen oxides (NOx), filtration of pollutants]",EffectDirect,Bio,3,Q12,AQReg,189,FALSE,TRUE,TRUE,Baro,2017,ECOSYSTEM SERVICES
2020-03-24T10:29:43Z,2020-03-24T11:32:46Z,2020-03-24T11:32:47Z,R_RlCDrcf5G0L2329,AIS,Ecosystem service bundles along the urban-rural gradient: Insights for landscape planning and management,Q25.8_4,,,Q12: Which Ecosystem Services were considered?  - Direction of Biotic Driver Relationship - Regulation of climate [e.g. biological carbon storage and sequestration; methane emissions from wetlands],EffectDirect,Bio,4,Q12,ClimReg,190,FALSE,TRUE,TRUE,Baro,2017,ECOSYSTEM SERVICES
2020-03-24T10:29:43Z,2020-03-24T11:32:46Z,2020-03-24T11:32:47Z,R_RlCDrcf5G0L2329,AIS,Ecosystem service bundles along the urban-rural gradient: Insights for landscape planning and management,Q25.8_8,,,"Q12: Which Ecosystem Services were considered?  - Direction of Biotic Driver Relationship - Formation, protection, and decontamination of soils and sediments [e.g decomposition, erosion control]",EffectDirect,Bio,8,Q12,SoilProtect,194,FALSE,TRUE,TRUE,Baro,2017,ECOSYSTEM SERVICES
2020-03-24T10:29:43Z,2020-03-24T11:32:46Z,2020-03-24T11:32:47Z,R_RlCDrcf5G0L2329,AIS,Ecosystem service bundles along the urban-rural gradient: Insights for landscape planning and management,Q25.8_12,,,Q12: Which Ecosystem Services were considered?  - Direction of Biotic Driver Relationship - Food and feed,EffectDirect,Bio,12,Q12,Food,198,FALSE,TRUE,TRUE,Baro,2017,ECOSYSTEM SERVICES
2020-03-24T10:29:43Z,2020-03-24T11:32:46Z,2020-03-24T11:32:47Z,R_RlCDrcf5G0L2329,AIS,Ecosystem service bundles along the urban-rural gradient: Insights for landscape planning and management,Q25.8_16,,,"Q12: Which Ecosystem Services were considered?  - Direction of Biotic Driver Relationship - Cultural Services, including Physical and psychological experiences ##do we include this?? [e.g. hunting, fishing, hiking]",EffectDirect,Bio,16,Q12,CulturePsych,202,FALSE,TRUE,TRUE,Baro,2017,ECOSYSTEM SERVICES
2020-03-24T10:29:43Z,2020-03-24T11:32:46Z,2020-03-24T11:32:47Z,R_RlCDrcf5G0L2329,AIS,Ecosystem service bundles along the urban-rural gradient: Insights for landscape planning and management,Q17,,,List Other Environmental Driver from Q12 (sep. with commas),OtherDriver,Env,,Q12,,203,FALSE,TRUE,TRUE,Baro,2017,ECOSYSTEM SERVICES
2020-03-24T10:29:43Z,2020-03-24T11:32:46Z,2020-03-24T11:32:47Z,R_RlCDrcf5G0L2329,AIS,Ecosystem service bundles along the urban-rural gradient: Insights for landscape planning and management,Q25,,Urban development,List Other Human Driver from Q12 (sep. with commas),OtherDriver,Anthro,,Q12,,204,FALSE,TRUE,TRUE,Baro,2017,ECOSYSTEM SERVICES
2020-03-24T10:29:43Z,2020-03-24T11:32:46Z,2020-03-24T11:32:47Z,R_RlCDrcf5G0L2329,AIS,Ecosystem service bundles along the urban-rural gradient: Insights for landscape planning and management,Q26,,,List Other Biotic Driver from Q12 (sep. with commas),OtherDriver,Bio,,Q12,,205,FALSE,TRUE,TRUE,Baro,2017,ECOSYSTEM SERVICES