ResponseId,Init,Title,id,sameanswer,answer,clean_answer,final_answer,review_notes,fullquestion,abbr,Group,clean_group,qnum,ES,survey_order,qa_note,rev1init,rev2init,revorder,keep,ctw_notes
R_1jIdgURwZ6A6iOu,AK,An invasive ant reduces diversity but does not disrupt a key ecosystem function in an African savanna,Q6,FALSE,"Observational (Includes data observed in situ OR via remote sensing, if used directly)","Observational (Includes data observed in situ OR via remote sensing, if used directly)","Observational (Includes data observed in situ OR via remote sensing, if used directly)",,Q6: What methods were used? - Selected Choice,Methods,,,Q6,,26,,AK,AIS,1,1,
R_Uszlh1FFsBKprBn,AIS,An invasive ant reduces diversity but does not disrupt a key ecosystem function in an African savanna,Q6,FALSE,Experimental,Experimental,,,Q6: What methods were used? - Selected Choice,Methods,,,Q6,,26,,AK,AIS,2,0,
R_1jIdgURwZ6A6iOu,AK,An invasive ant reduces diversity but does not disrupt a key ecosystem function in an African savanna,Q7,FALSE,No,No,No,,Q7: Does the study quantify trends over time?,TimeTrends,,,Q7,,29,,AK,AIS,1,1,
R_Uszlh1FFsBKprBn,AIS,An invasive ant reduces diversity but does not disrupt a key ecosystem function in an African savanna,Q7,FALSE,"Yes (e.g., a site sampled multiple points in time, a model with dynamics)","Yes (e.g., a site sampled multiple points in time, a model with dynamics)",,,Q7: Does the study quantify trends over time?,TimeTrends,,,Q7,,29,,AK,AIS,2,0,
R_1jIdgURwZ6A6iOu,AK,An invasive ant reduces diversity but does not disrupt a key ecosystem function in an African savanna,Q8,FALSE,,,,,Q7b: How many years of data were used for the study?,YrsData,,,Q7,,30,,AK,AIS,1,1,
R_Uszlh1FFsBKprBn,AIS,An invasive ant reduces diversity but does not disrupt a key ecosystem function in an African savanna,Q8,FALSE,1 year or less,1 year or less,,,Q7b: How many years of data were used for the study?,YrsData,,,Q7,,30,,AK,AIS,2,0,
R_1jIdgURwZ6A6iOu,AK,An invasive ant reduces diversity but does not disrupt a key ecosystem function in an African savanna,Q14,FALSE,Yes,Yes,,,"Q10: Does the paper consider connectivity between spatial replicates (sites, plots)?",Connect,,,Q10,,57,,AK,AIS,1,0,
R_Uszlh1FFsBKprBn,AIS,An invasive ant reduces diversity but does not disrupt a key ecosystem function in an African savanna,Q14,FALSE,No,No,No,,"Q10: Does the paper consider connectivity between spatial replicates (sites, plots)?",Connect,,,Q10,,57,,AK,AIS,2,1,
R_1jIdgURwZ6A6iOu,AK,An invasive ant reduces diversity but does not disrupt a key ecosystem function in an African savanna,Q13,FALSE,101m² - 500m²,101m² - 500m²,,,Q11: What is the distance between replicates?,ConnectDist,,,Q11,,58,,AK,AIS,1,0,
R_Uszlh1FFsBKprBn,AIS,An invasive ant reduces diversity but does not disrupt a key ecosystem function in an African savanna,Q13,FALSE,,,,,Q11: What is the distance between replicates?,ConnectDist,,,Q11,,58,,AK,AIS,2,0,
R_1jIdgURwZ6A6iOu,AK,An invasive ant reduces diversity but does not disrupt a key ecosystem function in an African savanna,Q25.1_8_1,FALSE,arthropod diversity and abundance,arthropod diversity and abundance,arthropod diversity and abundance,,"Q12: Which Ecosystem Services were considered?  - Write in the response variable used to approx. ES, or EF proxy - Formation, protection, and decontamination of soils and sediments [e.g deco... - Formation, protection, and decontamination of soils and sediments [e.g decomposition, erosion control] - Response 1: Separate by commas",Response,,,Q12,SoilProtect,73,,AK,AIS,1,1,
R_Uszlh1FFsBKprBn,AIS,An invasive ant reduces diversity but does not disrupt a key ecosystem function in an African savanna,Q25.1_8_1,FALSE,,,,,"Q12: Which Ecosystem Services were considered?  - Write in the response variable used to approx. ES, or EF proxy - Formation, protection, and decontamination of soils and sediments [e.g deco... - Formation, protection, and decontamination of soils and sediments [e.g decomposition, erosion control] - Response 1: Separate by commas",Response,,,Q12,SoilProtect,73,,AK,AIS,2,0,
R_1jIdgURwZ6A6iOu,AK,An invasive ant reduces diversity but does not disrupt a key ecosystem function in an African savanna,Q25.1_8_2,FALSE,dung-decomposing beetle diversity and abundance,dung-decomposing beetle diversity and abundance,dung-decomposing beetle diversity and abundance,,"Q12: Which Ecosystem Services were considered?  - Write in the response variable used to approx. ES, or EF proxy - Formation, protection, and decontamination of soils and sediments [e.g deco... - Formation, protection, and decontamination of soils and sediments [e.g decomposition, erosion control] - DO NOT USE Response 2",Response,,,Q12,SoilProtect,74,,AK,AIS,1,1,
R_Uszlh1FFsBKprBn,AIS,An invasive ant reduces diversity but does not disrupt a key ecosystem function in an African savanna,Q25.1_8_2,FALSE,,,,,"Q12: Which Ecosystem Services were considered?  - Write in the response variable used to approx. ES, or EF proxy - Formation, protection, and decontamination of soils and sediments [e.g deco... - Formation, protection, and decontamination of soils and sediments [e.g decomposition, erosion control] - DO NOT USE Response 2",Response,,,Q12,SoilProtect,74,,AK,AIS,2,0,
R_1jIdgURwZ6A6iOu,AK,An invasive ant reduces diversity but does not disrupt a key ecosystem function in an African savanna,Q25.1_10_1,FALSE,arthropod diversity and abundance,arthropod diversity and abundance,,,"Q12: Which Ecosystem Services were considered?  - Write in the response variable used to approx. ES, or EF proxy - Regulation of detrimental organisms and biological processes [e.g. pests, p... - Regulation of detrimental organisms and biological processes [e.g. pests, pathogens, predators, competitors, etc. that affect humans, plants and animals] - Response 1: Separate by commas",Response,,,Q12,PestPath,77,,AK,AIS,1,0,
R_Uszlh1FFsBKprBn,AIS,An invasive ant reduces diversity but does not disrupt a key ecosystem function in an African savanna,Q25.1_10_1,FALSE,dung decomposition,dung decomposition,,,"Q12: Which Ecosystem Services were considered?  - Write in the response variable used to approx. ES, or EF proxy - Regulation of detrimental organisms and biological processes [e.g. pests, p... - Regulation of detrimental organisms and biological processes [e.g. pests, pathogens, predators, competitors, etc. that affect humans, plants and animals] - Response 1: Separate by commas",Response,,,Q12,PestPath,77,,AK,AIS,2,0,
R_1jIdgURwZ6A6iOu,AK,An invasive ant reduces diversity but does not disrupt a key ecosystem function in an African savanna,Q25.1_10_2,FALSE,dung-decomposing beetle diversity and abundance,dung-decomposing beetle diversity and abundance,dung-decomposing beetle diversity and abundance,,"Q12: Which Ecosystem Services were considered?  - Write in the response variable used to approx. ES, or EF proxy - Regulation of detrimental organisms and biological processes [e.g. pests, p... - Regulation of detrimental organisms and biological processes [e.g. pests, pathogens, predators, competitors, etc. that affect humans, plants and animals] - DO NOT USE Response 2",Response,,,Q12,PestPath,78,,AK,AIS,1,1,
R_Uszlh1FFsBKprBn,AIS,An invasive ant reduces diversity but does not disrupt a key ecosystem function in an African savanna,Q25.1_10_2,FALSE,,,,,"Q12: Which Ecosystem Services were considered?  - Write in the response variable used to approx. ES, or EF proxy - Regulation of detrimental organisms and biological processes [e.g. pests, p... - Regulation of detrimental organisms and biological processes [e.g. pests, pathogens, predators, competitors, etc. that affect humans, plants and animals] - DO NOT USE Response 2",Response,,,Q12,PestPath,78,,AK,AIS,2,0,
R_1jIdgURwZ6A6iOu,AK,An invasive ant reduces diversity but does not disrupt a key ecosystem function in an African savanna,Q25.4_8,FALSE,Other,Other,Other,,"Q12: Which Ecosystem Services were considered?  - Biotic Driver - Formation, protection, and decontamination of soils and sediments [e.g decomposition, erosion control]",Driver,Bio,Bio,Q12,SoilProtect,130,,AK,AIS,1,1,
R_Uszlh1FFsBKprBn,AIS,An invasive ant reduces diversity but does not disrupt a key ecosystem function in an African savanna,Q25.4_8,FALSE,,,,,"Q12: Which Ecosystem Services were considered?  - Biotic Driver - Formation, protection, and decontamination of soils and sediments [e.g decomposition, erosion control]",Driver,Bio,,Q12,SoilProtect,130,,AK,AIS,2,0,
R_1jIdgURwZ6A6iOu,AK,An invasive ant reduces diversity but does not disrupt a key ecosystem function in an African savanna,Q25.4_10,FALSE,Other,Other,Other,,"Q12: Which Ecosystem Services were considered?  - Biotic Driver - Regulation of detrimental organisms and biological processes [e.g. pests, pathogens, predators, competitors, etc. that affect humans, plants and animals]",Driver,Bio,Bio,Q12,PestPath,132,,AK,AIS,1,1,
R_Uszlh1FFsBKprBn,AIS,An invasive ant reduces diversity but does not disrupt a key ecosystem function in an African savanna,Q25.4_10,FALSE,Service Provider (Q17),Service Provider (Q17),Service Provider (Q17),,"Q12: Which Ecosystem Services were considered?  - Biotic Driver - Regulation of detrimental organisms and biological processes [e.g. pests, pathogens, predators, competitors, etc. that affect humans, plants and animals]",Driver,Bio,Bio,Q12,PestPath,132,,AK,AIS,2,1,
R_1jIdgURwZ6A6iOu,AK,An invasive ant reduces diversity but does not disrupt a key ecosystem function in an African savanna,Q25.5_8,FALSE,EF,EF,EF,,"Q12: Which Ecosystem Services were considered?  - Paper reported Response 1 as: - Formation, protection, and decontamination of soils and sediments [e.g decomposition, erosion control]",Yclass,,,Q12,SoilProtect,146,,AK,AIS,1,1,
R_Uszlh1FFsBKprBn,AIS,An invasive ant reduces diversity but does not disrupt a key ecosystem function in an African savanna,Q25.5_8,FALSE,,,,,"Q12: Which Ecosystem Services were considered?  - Paper reported Response 1 as: - Formation, protection, and decontamination of soils and sediments [e.g decomposition, erosion control]",Yclass,,,Q12,SoilProtect,146,,AK,AIS,2,0,
R_1jIdgURwZ6A6iOu,AK,An invasive ant reduces diversity but does not disrupt a key ecosystem function in an African savanna,Q25.5_10,FALSE,EF,EF,,,"Q12: Which Ecosystem Services were considered?  - Paper reported Response 1 as: - Regulation of detrimental organisms and biological processes [e.g. pests, pathogens, predators, competitors, etc. that affect humans, plants and animals]",Yclass,,,Q12,PestPath,148,,AK,AIS,1,0,
R_Uszlh1FFsBKprBn,AIS,An invasive ant reduces diversity but does not disrupt a key ecosystem function in an African savanna,Q25.5_10,FALSE,Proxy for ES,Proxy for ES,Proxy for ES,,"Q12: Which Ecosystem Services were considered?  - Paper reported Response 1 as: - Regulation of detrimental organisms and biological processes [e.g. pests, pathogens, predators, competitors, etc. that affect humans, plants and animals]",Yclass,,,Q12,PestPath,148,,AK,AIS,2,1,
R_1jIdgURwZ6A6iOu,AK,An invasive ant reduces diversity but does not disrupt a key ecosystem function in an African savanna,Q25.8_8,FALSE,Mixed,Mixed,Mixed,,"Q12: Which Ecosystem Services were considered?  - Direction of Biotic Driver Relationship - Formation, protection, and decontamination of soils and sediments [e.g decomposition, erosion control]",EffectDirect,Bio,,Q12,SoilProtect,194,,AK,AIS,1,1,
R_Uszlh1FFsBKprBn,AIS,An invasive ant reduces diversity but does not disrupt a key ecosystem function in an African savanna,Q25.8_8,FALSE,,,,,"Q12: Which Ecosystem Services were considered?  - Direction of Biotic Driver Relationship - Formation, protection, and decontamination of soils and sediments [e.g decomposition, erosion control]",EffectDirect,Bio,,Q12,SoilProtect,194,,AK,AIS,2,0,
R_1jIdgURwZ6A6iOu,AK,An invasive ant reduces diversity but does not disrupt a key ecosystem function in an African savanna,Q25.8_10,FALSE,Mixed,Mixed,Mixed,,"Q12: Which Ecosystem Services were considered?  - Direction of Biotic Driver Relationship - Regulation of detrimental organisms and biological processes [e.g. pests, pathogens, predators, competitors, etc. that affect humans, plants and animals]",EffectDirect,Bio,,Q12,PestPath,196,,AK,AIS,1,1,
R_Uszlh1FFsBKprBn,AIS,An invasive ant reduces diversity but does not disrupt a key ecosystem function in an African savanna,Q25.8_10,FALSE,0,0,,,"Q12: Which Ecosystem Services were considered?  - Direction of Biotic Driver Relationship - Regulation of detrimental organisms and biological processes [e.g. pests, pathogens, predators, competitors, etc. that affect humans, plants and animals]",EffectDirect,Bio,,Q12,PestPath,196,,AK,AIS,2,0,
R_1jIdgURwZ6A6iOu,AK,An invasive ant reduces diversity but does not disrupt a key ecosystem function in an African savanna,Q26,FALSE,invasive species,invasive species,invasive species,,List Other Biotic Driver from Q12 (sep. with commas),OtherDriver,Bio,Bio,Q12,PestPath,205,Infilled ES from Driver where 'Other' specified,AK,AIS,1,1,
R_1jIdgURwZ6A6iOu,AK,An invasive ant reduces diversity but does not disrupt a key ecosystem function in an African savanna,Q26,FALSE,invasive species,invasive species,invasive species,,List Other Biotic Driver from Q12 (sep. with commas),OtherDriver,Bio,Bio,Q12,SoilProtect,205,Infilled ES from Driver where 'Other' specified,AK,AIS,1,1,
R_Uszlh1FFsBKprBn,AIS,An invasive ant reduces diversity but does not disrupt a key ecosystem function in an African savanna,Q26,FALSE,,,,,List Other Biotic Driver from Q12 (sep. with commas),OtherDriver,Bio,,Q12,,205,,AK,AIS,2,0,
R_1jIdgURwZ6A6iOu,AK,An invasive ant reduces diversity but does not disrupt a key ecosystem function in an African savanna,Q18,FALSE,Kremen Topic 2 : Community structure influencing function,Kremen Topic 2 : Community structure influencing function,"Kremen Topic 1 : ESPs,Kremen Topic 2 : Community structure influencing function",,Q13: Which of Kremen's Topics does this paper address?,KremenTopics,,,Q13,,206,,AK,AIS,1,1,
R_Uszlh1FFsBKprBn,AIS,An invasive ant reduces diversity but does not disrupt a key ecosystem function in an African savanna,Q18,FALSE,"Kremen Topic 1 : ESPs,Kremen Topic 3 : Environmental factors that influence provision (env. drivers, not including human drivers))","Kremen Topic 1 : ESPs,Kremen Topic 4 : Scale",,,Q13: Which of Kremen's Topics does this paper address?,KremenTopics,,,Q13,,206,Removed KT3 based on lack of environmental driver; appended KT 4:Scale (has multi time or spatial scale but KT 4 not checked),AK,AIS,2,0,
R_1jIdgURwZ6A6iOu,AK,An invasive ant reduces diversity but does not disrupt a key ecosystem function in an African savanna,Q19,FALSE,"Across species  [e.g. community structure, diversity]","Across species  [e.g. community structure, diversity]","Across species  [e.g. community structure, diversity]",,"Q14: If the study incorporates a 'Service Provider', which service provider(s) does it utilize?",ESP_type,,,Q14,,207,,AK,AIS,1,1,
R_Uszlh1FFsBKprBn,AIS,An invasive ant reduces diversity but does not disrupt a key ecosystem function in an African savanna,Q19,FALSE,"Single species  [e.g. ESPs, single species]","Single species  [e.g. ESPs, single species]",,,"Q14: If the study incorporates a 'Service Provider', which service provider(s) does it utilize?",ESP_type,,,Q14,,207,,AK,AIS,2,0,
R_3EEdwsrEF3Odhec,AK,Early eclosion of overwintering cotton bollworm moths from warming temperatures accentuates yield loss in wheat,Q6,FALSE,Experimental,Experimental,Experimental,,Q6: What methods were used? - Selected Choice,Methods,,,Q6,,26,,AK,AIS,1,1,
R_72hVNdE3uC9KDa9,AIS,Early eclosion of overwintering cotton bollworm moths from warming temperatures accentuates yield loss in wheat,Q6,FALSE,"Observational (Includes data observed in situ OR via remote sensing, if used directly)","Observational (Includes data observed in situ OR via remote sensing, if used directly)",,,Q6: What methods were used? - Selected Choice,Methods,,,Q6,,26,,AK,AIS,2,0,
R_3EEdwsrEF3Odhec,AK,Early eclosion of overwintering cotton bollworm moths from warming temperatures accentuates yield loss in wheat,Q25.1_12_1,FALSE,wheat biomass,wheat biomass,wheat biomass,,"Q12: Which Ecosystem Services were considered?  - Write in the response variable used to approx. ES, or EF proxy - Food and feed - Response 1: Separate by commas",Response,,,Q12,Food,81,,AK,AIS,1,1,
R_72hVNdE3uC9KDa9,AIS,Early eclosion of overwintering cotton bollworm moths from warming temperatures accentuates yield loss in wheat,Q25.1_12_1,FALSE,crop yield,crop yield,,,"Q12: Which Ecosystem Services were considered?  - Write in the response variable used to approx. ES, or EF proxy - Food and feed - Response 1: Separate by commas",Response,,,Q12,Food,81,,AK,AIS,2,0,
R_3EEdwsrEF3Odhec,AK,Early eclosion of overwintering cotton bollworm moths from warming temperatures accentuates yield loss in wheat,Q25.2_12,TRUE,Climate,Climate,Climate,,Q12: Which Ecosystem Services were considered?  - Environmental Driver - Food and feed,Driver,Env,Env,Q12,Food,102,,AK,AIS,1,1,
R_72hVNdE3uC9KDa9,AIS,Early eclosion of overwintering cotton bollworm moths from warming temperatures accentuates yield loss in wheat,Q25.2_12,TRUE,Climate,Climate,,,Q12: Which Ecosystem Services were considered?  - Environmental Driver - Food and feed,Driver,Env,Env,Q12,Food,102,,AK,AIS,2,0,
R_3EEdwsrEF3Odhec,AK,Early eclosion of overwintering cotton bollworm moths from warming temperatures accentuates yield loss in wheat,Q25.4_12,TRUE,Other,Other,Other,,Q12: Which Ecosystem Services were considered?  - Biotic Driver - Food and feed,Driver,Bio,Bio,Q12,Food,134,,AK,AIS,1,1,
R_72hVNdE3uC9KDa9,AIS,Early eclosion of overwintering cotton bollworm moths from warming temperatures accentuates yield loss in wheat,Q25.4_12,TRUE,Other,Other,,,Q12: Which Ecosystem Services were considered?  - Biotic Driver - Food and feed,Driver,Bio,Bio,Q12,Food,134,,AK,AIS,2,0,
R_3EEdwsrEF3Odhec,AK,Early eclosion of overwintering cotton bollworm moths from warming temperatures accentuates yield loss in wheat,Q25.5_12,TRUE,ES,ES,ES,,Q12: Which Ecosystem Services were considered?  - Paper reported Response 1 as: - Food and feed,Yclass,,,Q12,Food,150,,AK,AIS,1,1,
R_72hVNdE3uC9KDa9,AIS,Early eclosion of overwintering cotton bollworm moths from warming temperatures accentuates yield loss in wheat,Q25.5_12,TRUE,ES,ES,,,Q12: Which Ecosystem Services were considered?  - Paper reported Response 1 as: - Food and feed,Yclass,,,Q12,Food,150,,AK,AIS,2,0,
R_3EEdwsrEF3Odhec,AK,Early eclosion of overwintering cotton bollworm moths from warming temperatures accentuates yield loss in wheat,Q25.6_12,TRUE,-,-,-,,Q12: Which Ecosystem Services were considered?  - Direction of Environmental Driver Relationship - Food and feed,EffectDirect,Env,,Q12,Food,166,,AK,AIS,1,1,
R_72hVNdE3uC9KDa9,AIS,Early eclosion of overwintering cotton bollworm moths from warming temperatures accentuates yield loss in wheat,Q25.6_12,TRUE,-,-,,,Q12: Which Ecosystem Services were considered?  - Direction of Environmental Driver Relationship - Food and feed,EffectDirect,Env,,Q12,Food,166,,AK,AIS,2,0,
R_3EEdwsrEF3Odhec,AK,Early eclosion of overwintering cotton bollworm moths from warming temperatures accentuates yield loss in wheat,Q25.8_12,TRUE,-,-,-,,Q12: Which Ecosystem Services were considered?  - Direction of Biotic Driver Relationship - Food and feed,EffectDirect,Bio,,Q12,Food,198,,AK,AIS,1,1,
R_72hVNdE3uC9KDa9,AIS,Early eclosion of overwintering cotton bollworm moths from warming temperatures accentuates yield loss in wheat,Q25.8_12,TRUE,-,-,,,Q12: Which Ecosystem Services were considered?  - Direction of Biotic Driver Relationship - Food and feed,EffectDirect,Bio,,Q12,Food,198,,AK,AIS,2,0,
R_3EEdwsrEF3Odhec,AK,Early eclosion of overwintering cotton bollworm moths from warming temperatures accentuates yield loss in wheat,Q26,FALSE,Eclosion time of pest,Eclosion time of pest,Eclosion time of pest,,List Other Biotic Driver from Q12 (sep. with commas),OtherDriver,Bio,Bio,Q12,Food,205,Infilled ES from Driver where 'Other' specified,AK,AIS,1,1,
R_72hVNdE3uC9KDa9,AIS,Early eclosion of overwintering cotton bollworm moths from warming temperatures accentuates yield loss in wheat,Q26,FALSE,cotton bollworm pest,cotton bollworm pest,,,List Other Biotic Driver from Q12 (sep. with commas),OtherDriver,Bio,Bio,Q12,Food,205,Infilled ES from Driver where 'Other' specified,AK,AIS,2,0,
R_3EEdwsrEF3Odhec,AK,Early eclosion of overwintering cotton bollworm moths from warming temperatures accentuates yield loss in wheat,Q18,FALSE,"Kremen Topic 1 : ESPs,Kremen Topic 3 : Environmental factors that influence provision (env. drivers, not including human drivers))","Kremen Topic 1 : ESPs,Kremen Topic 3 : Environmental factors that influence provision (env. drivers not including human drivers),Kremen Topic 4 : Scale",,,Q13: Which of Kremen's Topics does this paper address?,KremenTopics,,,Q13,,206,Appended KT 4:Scale (has multi time or spatial scale but KT 4 not checked),AK,AIS,1,0,
R_72hVNdE3uC9KDa9,AIS,Early eclosion of overwintering cotton bollworm moths from warming temperatures accentuates yield loss in wheat,Q18,FALSE,"Kremen Topic 3 : Environmental factors that influence provision (env. drivers, not including human drivers))","Kremen Topic 3 : Environmental factors that influence provision (env. drivers not including human drivers),Kremen Topic 4 : Scale","Kremen Topic 3 : Environmental factors that influence provision (env. drivers not including human drivers),Kremen Topic 4 : Scale",,Q13: Which of Kremen's Topics does this paper address?,KremenTopics,,,Q13,,206,Appended KT 4:Scale (has multi time or spatial scale but KT 4 not checked),AK,AIS,2,1,"AK originally checked KT 1 (ESP) but does not include in final answer--cotton bollworm moth creates disservice to crop yield (yield loss), does not provide service"
R_1INs5d4lozmezrt,AK,Evaluating the effectiveness of urban trees to mitigate storm water runoff via transpiration and stemflow,Q7,FALSE,"Yes (e.g., a site sampled multiple points in time, a model with dynamics)","Yes (e.g., a site sampled multiple points in time, a model with dynamics)","Yes (e.g., a site sampled multiple points in time, a model with dynamics)",,Q7: Does the study quantify trends over time?,TimeTrends,,,Q7,,29,,AK,AIS,1,1,
R_2ZOG3Rj49wd8u7V,AIS,Evaluating the effectiveness of urban trees to mitigate storm water runoff via transpiration and stemflow,Q7,FALSE,No,No,,,Q7: Does the study quantify trends over time?,TimeTrends,,,Q7,,29,,AK,AIS,2,0,
R_1INs5d4lozmezrt,AK,Evaluating the effectiveness of urban trees to mitigate storm water runoff via transpiration and stemflow,Q8,FALSE,1 year or less,1 year or less,1 year or less,,Q7b: How many years of data were used for the study?,YrsData,,,Q7,,30,,AK,AIS,1,1,
R_2ZOG3Rj49wd8u7V,AIS,Evaluating the effectiveness of urban trees to mitigate storm water runoff via transpiration and stemflow,Q8,FALSE,,,,,Q7b: How many years of data were used for the study?,YrsData,,,Q7,,30,,AK,AIS,2,0,
R_1INs5d4lozmezrt,AK,Evaluating the effectiveness of urban trees to mitigate storm water runoff via transpiration and stemflow,Q25.1_6_1,FALSE,rates of water uptake,rates of water uptake,,,"Q12: Which Ecosystem Services were considered?  - Write in the response variable used to approx. ES, or EF proxy - Regulation of freshwater quantity, location and timing [e.g. flow of surfac... - Regulation of freshwater quantity, location and timing [e.g. flow of surface and groundwater used for drinking, irrigation] - Response 1: Separate by commas",Response,,,Q12,freshWQReg,69,,AK,AIS,1,0,
R_2ZOG3Rj49wd8u7V,AIS,Evaluating the effectiveness of urban trees to mitigate storm water runoff via transpiration and stemflow,Q25.1_6_1,FALSE,sap flow,sap flow,sap flow,,"Q12: Which Ecosystem Services were considered?  - Write in the response variable used to approx. ES, or EF proxy - Regulation of freshwater quantity, location and timing [e.g. flow of surfac... - Regulation of freshwater quantity, location and timing [e.g. flow of surface and groundwater used for drinking, irrigation] - Response 1: Separate by commas",Response,,,Q12,freshWQReg,69,,AK,AIS,2,1,
R_1INs5d4lozmezrt,AK,Evaluating the effectiveness of urban trees to mitigate storm water runoff via transpiration and stemflow,Q25.1_6_2,FALSE,stemflow and  throughfall,stemflow and  throughfall,stemflow and  throughfall,,"Q12: Which Ecosystem Services were considered?  - Write in the response variable used to approx. ES, or EF proxy - Regulation of freshwater quantity, location and timing [e.g. flow of surfac... - Regulation of freshwater quantity, location and timing [e.g. flow of surface and groundwater used for drinking, irrigation] - DO NOT USE Response 2",Response,,,Q12,freshWQReg,70,,AK,AIS,1,1,
R_2ZOG3Rj49wd8u7V,AIS,Evaluating the effectiveness of urban trees to mitigate storm water runoff via transpiration and stemflow,Q25.1_6_2,FALSE,,,,,"Q12: Which Ecosystem Services were considered?  - Write in the response variable used to approx. ES, or EF proxy - Regulation of freshwater quantity, location and timing [e.g. flow of surfac... - Regulation of freshwater quantity, location and timing [e.g. flow of surface and groundwater used for drinking, irrigation] - DO NOT USE Response 2",Response,,,Q12,freshWQReg,70,,AK,AIS,2,0,
R_1INs5d4lozmezrt,AK,Evaluating the effectiveness of urban trees to mitigate storm water runoff via transpiration and stemflow,Q25.2_6,FALSE,"Other,Climate",Climate,Climate,,"Q12: Which Ecosystem Services were considered?  - Environmental Driver - Regulation of freshwater quantity, location and timing [e.g. flow of surface and groundwater used for drinking, irrigation]",Driver,Env,Env,Q12,freshWQReg,96,,AK,AIS,1,1,
R_1INs5d4lozmezrt,AK,Evaluating the effectiveness of urban trees to mitigate storm water runoff via transpiration and stemflow,Q25.2_6,FALSE,"Other,Climate",Other,Other,,"Q12: Which Ecosystem Services were considered?  - Environmental Driver - Regulation of freshwater quantity, location and timing [e.g. flow of surface and groundwater used for drinking, irrigation]",Driver,Env,Env,Q12,freshWQReg,96,,AK,AIS,1,1,
R_2ZOG3Rj49wd8u7V,AIS,Evaluating the effectiveness of urban trees to mitigate storm water runoff via transpiration and stemflow,Q25.2_6,FALSE,Climate,Climate,,,"Q12: Which Ecosystem Services were considered?  - Environmental Driver - Regulation of freshwater quantity, location and timing [e.g. flow of surface and groundwater used for drinking, irrigation]",Driver,Env,Env,Q12,freshWQReg,96,,AK,AIS,2,0,
R_1INs5d4lozmezrt,AK,Evaluating the effectiveness of urban trees to mitigate storm water runoff via transpiration and stemflow,Q25.5_6,TRUE,Proxy for ES,Proxy for ES,Proxy for ES,,"Q12: Which Ecosystem Services were considered?  - Paper reported Response 1 as: - Regulation of freshwater quantity, location and timing [e.g. flow of surface and groundwater used for drinking, irrigation]",Yclass,,,Q12,freshWQReg,144,,AK,AIS,1,1,
R_2ZOG3Rj49wd8u7V,AIS,Evaluating the effectiveness of urban trees to mitigate storm water runoff via transpiration and stemflow,Q25.5_6,TRUE,Proxy for ES,Proxy for ES,,,"Q12: Which Ecosystem Services were considered?  - Paper reported Response 1 as: - Regulation of freshwater quantity, location and timing [e.g. flow of surface and groundwater used for drinking, irrigation]",Yclass,,,Q12,freshWQReg,144,,AK,AIS,2,0,
R_1INs5d4lozmezrt,AK,Evaluating the effectiveness of urban trees to mitigate storm water runoff via transpiration and stemflow,Q25.6_6,TRUE,+,+,+,,"Q12: Which Ecosystem Services were considered?  - Direction of Environmental Driver Relationship - Regulation of freshwater quantity, location and timing [e.g. flow of surface and groundwater used for drinking, irrigation]",EffectDirect,Env,,Q12,freshWQReg,160,,AK,AIS,1,1,
R_2ZOG3Rj49wd8u7V,AIS,Evaluating the effectiveness of urban trees to mitigate storm water runoff via transpiration and stemflow,Q25.6_6,TRUE,+,+,,,"Q12: Which Ecosystem Services were considered?  - Direction of Environmental Driver Relationship - Regulation of freshwater quantity, location and timing [e.g. flow of surface and groundwater used for drinking, irrigation]",EffectDirect,Env,,Q12,freshWQReg,160,,AK,AIS,2,0,
R_1INs5d4lozmezrt,AK,Evaluating the effectiveness of urban trees to mitigate storm water runoff via transpiration and stemflow,Q17,FALSE,solar radiation,solar radiation,solar radiation,,List Other Environmental Driver from Q12 (sep. with commas),OtherDriver,Env,Env,Q12,freshWQReg,203,Infilled ES from Driver where 'Other' specified,AK,AIS,1,1,
R_2ZOG3Rj49wd8u7V,AIS,Evaluating the effectiveness of urban trees to mitigate storm water runoff via transpiration and stemflow,Q17,FALSE,,,,,List Other Environmental Driver from Q12 (sep. with commas),OtherDriver,Env,,Q12,,203,,AK,AIS,2,0,
R_1INs5d4lozmezrt,AK,Evaluating the effectiveness of urban trees to mitigate storm water runoff via transpiration and stemflow,Q18,FALSE,"Kremen Topic 1 : ESPs,Kremen Topic 3 : Environmental factors that influence provision (env. drivers, not including human drivers))","Kremen Topic 1 : ESPs,Kremen Topic 3 : Environmental factors that influence provision (env. drivers not including human drivers),Kremen Topic 4 : Scale","Kremen Topic 1 : ESPs,Kremen Topic 3 : Environmental factors that influence provision (env. drivers not including human drivers),Kremen Topic 4 : Scale",,Q13: Which of Kremen's Topics does this paper address?,KremenTopics,,,Q13,,206,Appended KT 4:Scale (has multi time or spatial scale but KT 4 not checked),AK,AIS,1,1,has temporal component so should include scale as kremen topic
R_2ZOG3Rj49wd8u7V,AIS,Evaluating the effectiveness of urban trees to mitigate storm water runoff via transpiration and stemflow,Q18,FALSE,Kremen Topic 1 : ESPs,"Kremen Topic 1 : ESPs,Kremen Topic 3 : Environmental factors that influence provision (env. drivers not including human drivers)",,,Q13: Which of Kremen's Topics does this paper address?,KremenTopics,,,Q13,,206,Added KT3 based on environmental driver and no KT3 checked,AK,AIS,2,0,
R_1IY3pEd9cOw8s1h,AK,Quantifying resilience of multiple ecosystem services and biodiversity in a temperate forest landscape,Q8,FALSE,,,,,Q7b: How many years of data were used for the study?,YrsData,,,Q7,,30,,AK,AIS,1,0,
R_3fIDczi0LW49SOG,AIS,Quantifying resilience of multiple ecosystem services and biodiversity in a temperate forest landscape,Q8,FALSE,10+ years,10+ years,10+ years,,Q7b: How many years of data were used for the study?,YrsData,,,Q7,,30,,AK,AIS,2,1,
R_1IY3pEd9cOw8s1h,AK,Quantifying resilience of multiple ecosystem services and biodiversity in a temperate forest landscape,Q25.1_4_1,FALSE,total carbon stock,total carbon stock,,,"Q12: Which Ecosystem Services were considered?  - Write in the response variable used to approx. ES, or EF proxy - Regulation of climate [e.g. biological carbon storage and sequestration; me... - Regulation of climate [e.g. biological carbon storage and sequestration; methane emissions from wetlands] - Response 1: Separate by commas",Response,,,Q12,ClimReg,65,,AK,AIS,1,0,
R_3fIDczi0LW49SOG,AIS,Quantifying resilience of multiple ecosystem services and biodiversity in a temperate forest landscape,Q25.1_4_1,FALSE,AGB,AGB,AGB,,"Q12: Which Ecosystem Services were considered?  - Write in the response variable used to approx. ES, or EF proxy - Regulation of climate [e.g. biological carbon storage and sequestration; me... - Regulation of climate [e.g. biological carbon storage and sequestration; methane emissions from wetlands] - Response 1: Separate by commas",Response,,,Q12,ClimReg,65,,AK,AIS,2,1,"keep AIS responses, AIS split AGB, volume and total carbon stock"
R_1IY3pEd9cOw8s1h,AK,Quantifying resilience of multiple ecosystem services and biodiversity in a temperate forest landscape,Q25.1_4_2,FALSE,,,,,"Q12: Which Ecosystem Services were considered?  - Write in the response variable used to approx. ES, or EF proxy - Regulation of climate [e.g. biological carbon storage and sequestration; me... - Regulation of climate [e.g. biological carbon storage and sequestration; methane emissions from wetlands] - DO NOT USE Response 2",Response,,,Q12,ClimReg,66,,AK,AIS,1,0,
R_3fIDczi0LW49SOG,AIS,Quantifying resilience of multiple ecosystem services and biodiversity in a temperate forest landscape,Q25.1_4_2,FALSE,"timber volume, total carbon stock",timber volume,timber volume,,"Q12: Which Ecosystem Services were considered?  - Write in the response variable used to approx. ES, or EF proxy - Regulation of climate [e.g. biological carbon storage and sequestration; me... - Regulation of climate [e.g. biological carbon storage and sequestration; methane emissions from wetlands] - DO NOT USE Response 2",Response,,,Q12,ClimReg,66,,AK,AIS,2,1,
R_3fIDczi0LW49SOG,AIS,Quantifying resilience of multiple ecosystem services and biodiversity in a temperate forest landscape,Q25.1_4_2,FALSE,"timber volume, total carbon stock",total carbon stock,total carbon stock,,"Q12: Which Ecosystem Services were considered?  - Write in the response variable used to approx. ES, or EF proxy - Regulation of climate [e.g. biological carbon storage and sequestration; me... - Regulation of climate [e.g. biological carbon storage and sequestration; methane emissions from wetlands] - DO NOT USE Response 2",Response,,,Q12,ClimReg,66,,AK,AIS,2,1,
R_1IY3pEd9cOw8s1h,AK,Quantifying resilience of multiple ecosystem services and biodiversity in a temperate forest landscape,Q25.1_8_1,FALSE,,,,,"Q12: Which Ecosystem Services were considered?  - Write in the response variable used to approx. ES, or EF proxy - Formation, protection, and decontamination of soils and sediments [e.g deco... - Formation, protection, and decontamination of soils and sediments [e.g decomposition, erosion control] - Response 1: Separate by commas",Response,,,Q12,SoilProtect,73,,AK,AIS,1,0,
R_3fIDczi0LW49SOG,AIS,Quantifying resilience of multiple ecosystem services and biodiversity in a temperate forest landscape,Q25.1_8_1,FALSE,net nitrogen mineralization absorbed to ionic resins,net nitrogen mineralization absorbed to ionic resins,net nitrogen mineralization absorbed to ionic resins,,"Q12: Which Ecosystem Services were considered?  - Write in the response variable used to approx. ES, or EF proxy - Formation, protection, and decontamination of soils and sediments [e.g deco... - Formation, protection, and decontamination of soils and sediments [e.g decomposition, erosion control] - Response 1: Separate by commas",Response,,,Q12,SoilProtect,73,,AK,AIS,2,1,
R_1IY3pEd9cOw8s1h,AK,Quantifying resilience of multiple ecosystem services and biodiversity in a temperate forest landscape,Q25.1_8_2,FALSE,,,,,"Q12: Which Ecosystem Services were considered?  - Write in the response variable used to approx. ES, or EF proxy - Formation, protection, and decontamination of soils and sediments [e.g deco... - Formation, protection, and decontamination of soils and sediments [e.g decomposition, erosion control] - DO NOT USE Response 2",Response,,,Q12,SoilProtect,74,,AK,AIS,1,0,
R_3fIDczi0LW49SOG,AIS,Quantifying resilience of multiple ecosystem services and biodiversity in a temperate forest landscape,Q25.1_8_2,FALSE,"soil nitrogen stock, soil respiration rate",soil nitrogen stock,soil nitrogen stock,,"Q12: Which Ecosystem Services were considered?  - Write in the response variable used to approx. ES, or EF proxy - Formation, protection, and decontamination of soils and sediments [e.g deco... - Formation, protection, and decontamination of soils and sediments [e.g decomposition, erosion control] - DO NOT USE Response 2",Response,,,Q12,SoilProtect,74,,AK,AIS,2,1,
R_3fIDczi0LW49SOG,AIS,Quantifying resilience of multiple ecosystem services and biodiversity in a temperate forest landscape,Q25.1_8_2,FALSE,"soil nitrogen stock, soil respiration rate",soil respiration rate,soil respiration rate,,"Q12: Which Ecosystem Services were considered?  - Write in the response variable used to approx. ES, or EF proxy - Formation, protection, and decontamination of soils and sediments [e.g deco... - Formation, protection, and decontamination of soils and sediments [e.g decomposition, erosion control] - DO NOT USE Response 2",Response,,,Q12,SoilProtect,74,,AK,AIS,2,1,
R_1IY3pEd9cOw8s1h,AK,Quantifying resilience of multiple ecosystem services and biodiversity in a temperate forest landscape,Q25.1_12_1,FALSE,commercially harvested fungi richness,commercially harvested fungi richness,commercially harvested fungi richness,,"Q12: Which Ecosystem Services were considered?  - Write in the response variable used to approx. ES, or EF proxy - Food and feed - Response 1: Separate by commas",Response,,,Q12,Food,81,,AK,AIS,1,1,
R_3fIDczi0LW49SOG,AIS,Quantifying resilience of multiple ecosystem services and biodiversity in a temperate forest landscape,Q25.1_12_1,FALSE,,,,,"Q12: Which Ecosystem Services were considered?  - Write in the response variable used to approx. ES, or EF proxy - Food and feed - Response 1: Separate by commas",Response,,,Q12,Food,81,,AK,AIS,2,0,
R_1IY3pEd9cOw8s1h,AK,Quantifying resilience of multiple ecosystem services and biodiversity in a temperate forest landscape,Q25.1_13_1,FALSE,timber volume,timber volume,,,"Q12: Which Ecosystem Services were considered?  - Write in the response variable used to approx. ES, or EF proxy - Materials and assistance [e.g. wood, fibers, waxes, paper, resins, dyes, pe... - Materials and assistance [e.g. wood, fibers, waxes, paper, resins, dyes, pearls, shells, ornamental plants, pets, herders] - Response 1: Separate by commas",Response,,,Q12,Materials,83,,AK,AIS,1,,
R_3fIDczi0LW49SOG,AIS,Quantifying resilience of multiple ecosystem services and biodiversity in a temperate forest landscape,Q25.1_13_1,FALSE,,,,,"Q12: Which Ecosystem Services were considered?  - Write in the response variable used to approx. ES, or EF proxy - Materials and assistance [e.g. wood, fibers, waxes, paper, resins, dyes, pe... - Materials and assistance [e.g. wood, fibers, waxes, paper, resins, dyes, pearls, shells, ornamental plants, pets, herders] - Response 1: Separate by commas",Response,,,Q12,Materials,83,,AK,AIS,2,,
R_1IY3pEd9cOw8s1h,AK,Quantifying resilience of multiple ecosystem services and biodiversity in a temperate forest landscape,Q25.1_14_1,FALSE,,,,,"Q12: Which Ecosystem Services were considered?  - Write in the response variable used to approx. ES, or EF proxy - Medicinal, biochemical, and genetic resources [e.g. plant and animal breedi... - Medicinal, biochemical, and genetic resources [e.g. plant and animal breeding, materials derived from plants, animals, microbes] - Response 1: Separate by commas",Response,,,Q12,MedGen,85,,AK,AIS,1,,
R_3fIDczi0LW49SOG,AIS,Quantifying resilience of multiple ecosystem services and biodiversity in a temperate forest landscape,Q25.1_14_1,FALSE,commercially harvested fungi richness,commercially harvested fungi richness,,,"Q12: Which Ecosystem Services were considered?  - Write in the response variable used to approx. ES, or EF proxy - Medicinal, biochemical, and genetic resources [e.g. plant and animal breedi... - Medicinal, biochemical, and genetic resources [e.g. plant and animal breeding, materials derived from plants, animals, microbes] - Response 1: Separate by commas",Response,,,Q12,MedGen,85,,AK,AIS,2,,
R_1IY3pEd9cOw8s1h,AK,Quantifying resilience of multiple ecosystem services and biodiversity in a temperate forest landscape,Q25.1_16_1,TRUE,aesthetic value,aesthetic value,aesthetic value,,"Q12: Which Ecosystem Services were considered?  - Write in the response variable used to approx. ES, or EF proxy - Cultural Services, including Physical and psychological experiences ##do we... - Cultural Services, including Physical and psychological experiences ##do we include this?? [e.g. hunting, fishing, hiking] - Response 1: Separate by commas",Response,,,Q12,CulturePsych,89,,AK,AIS,1,1,
R_3fIDczi0LW49SOG,AIS,Quantifying resilience of multiple ecosystem services and biodiversity in a temperate forest landscape,Q25.1_16_1,TRUE,aesthetic value,aesthetic value,,,"Q12: Which Ecosystem Services were considered?  - Write in the response variable used to approx. ES, or EF proxy - Cultural Services, including Physical and psychological experiences ##do we... - Cultural Services, including Physical and psychological experiences ##do we include this?? [e.g. hunting, fishing, hiking] - Response 1: Separate by commas",Response,,,Q12,CulturePsych,89,,AK,AIS,2,,
R_1IY3pEd9cOw8s1h,AK,Quantifying resilience of multiple ecosystem services and biodiversity in a temperate forest landscape,Q25.1_16_2,TRUE,recreation value,recreation value,recreation value,,"Q12: Which Ecosystem Services were considered?  - Write in the response variable used to approx. ES, or EF proxy - Cultural Services, including Physical and psychological experiences ##do we... - Cultural Services, including Physical and psychological experiences ##do we include this?? [e.g. hunting, fishing, hiking] - DO NOT USE Response 2",Response,,,Q12,CulturePsych,90,,AK,AIS,1,1,
R_3fIDczi0LW49SOG,AIS,Quantifying resilience of multiple ecosystem services and biodiversity in a temperate forest landscape,Q25.1_16_2,TRUE,recreation value,recreation value,,,"Q12: Which Ecosystem Services were considered?  - Write in the response variable used to approx. ES, or EF proxy - Cultural Services, including Physical and psychological experiences ##do we... - Cultural Services, including Physical and psychological experiences ##do we include this?? [e.g. hunting, fishing, hiking] - DO NOT USE Response 2",Response,,,Q12,CulturePsych,90,,AK,AIS,2,,
R_1IY3pEd9cOw8s1h,AK,Quantifying resilience of multiple ecosystem services and biodiversity in a temperate forest landscape,Q25.2_4,FALSE,Extreme Events,Extreme Events,Extreme Events,,Q12: Which Ecosystem Services were considered?  - Environmental Driver - Regulation of climate [e.g. biological carbon storage and sequestration; methane emissions from wetlands],Driver,Env,Env,Q12,ClimReg,94,,AK,AIS,1,1,
R_3fIDczi0LW49SOG,AIS,Quantifying resilience of multiple ecosystem services and biodiversity in a temperate forest landscape,Q25.2_4,FALSE,Other,Other,Other,,Q12: Which Ecosystem Services were considered?  - Environmental Driver - Regulation of climate [e.g. biological carbon storage and sequestration; methane emissions from wetlands],Driver,Env,Env,Q12,ClimReg,94,,AK,AIS,2,1,
R_1IY3pEd9cOw8s1h,AK,Quantifying resilience of multiple ecosystem services and biodiversity in a temperate forest landscape,Q25.2_8,FALSE,,,,,"Q12: Which Ecosystem Services were considered?  - Environmental Driver - Formation, protection, and decontamination of soils and sediments [e.g decomposition, erosion control]",Driver,Env,,Q12,SoilProtect,98,,AK,AIS,1,,
R_3fIDczi0LW49SOG,AIS,Quantifying resilience of multiple ecosystem services and biodiversity in a temperate forest landscape,Q25.2_8,FALSE,Other,Other,Other,,"Q12: Which Ecosystem Services were considered?  - Environmental Driver - Formation, protection, and decontamination of soils and sediments [e.g decomposition, erosion control]",Driver,Env,Env,Q12,SoilProtect,98,,AK,AIS,2,1,
R_1IY3pEd9cOw8s1h,AK,Quantifying resilience of multiple ecosystem services and biodiversity in a temperate forest landscape,Q25.2_12,FALSE,Extreme Events,Extreme Events,Extreme Events,,Q12: Which Ecosystem Services were considered?  - Environmental Driver - Food and feed,Driver,Env,Env,Q12,Food,102,,AK,AIS,1,1,
R_3fIDczi0LW49SOG,AIS,Quantifying resilience of multiple ecosystem services and biodiversity in a temperate forest landscape,Q25.2_12,FALSE,,,,,Q12: Which Ecosystem Services were considered?  - Environmental Driver - Food and feed,Driver,Env,,Q12,Food,102,,AK,AIS,2,,
R_1IY3pEd9cOw8s1h,AK,Quantifying resilience of multiple ecosystem services and biodiversity in a temperate forest landscape,Q25.2_13,FALSE,Extreme Events,Extreme Events,,,"Q12: Which Ecosystem Services were considered?  - Environmental Driver - Materials and assistance [e.g. wood, fibers, waxes, paper, resins, dyes, pearls, shells, ornamental plants, pets, herders]",Driver,Env,Env,Q12,Materials,103,,AK,AIS,1,,
R_3fIDczi0LW49SOG,AIS,Quantifying resilience of multiple ecosystem services and biodiversity in a temperate forest landscape,Q25.2_13,FALSE,,,,,"Q12: Which Ecosystem Services were considered?  - Environmental Driver - Materials and assistance [e.g. wood, fibers, waxes, paper, resins, dyes, pearls, shells, ornamental plants, pets, herders]",Driver,Env,,Q12,Materials,103,,AK,AIS,2,,
R_1IY3pEd9cOw8s1h,AK,Quantifying resilience of multiple ecosystem services and biodiversity in a temperate forest landscape,Q25.2_14,FALSE,,,,,"Q12: Which Ecosystem Services were considered?  - Environmental Driver - Medicinal, biochemical, and genetic resources [e.g. plant and animal breeding, materials derived from plants, animals, microbes]",Driver,Env,,Q12,MedGen,104,,AK,AIS,1,,
R_3fIDczi0LW49SOG,AIS,Quantifying resilience of multiple ecosystem services and biodiversity in a temperate forest landscape,Q25.2_14,FALSE,Other,Other,,,"Q12: Which Ecosystem Services were considered?  - Environmental Driver - Medicinal, biochemical, and genetic resources [e.g. plant and animal breeding, materials derived from plants, animals, microbes]",Driver,Env,Env,Q12,MedGen,104,,AK,AIS,2,,
R_1IY3pEd9cOw8s1h,AK,Quantifying resilience of multiple ecosystem services and biodiversity in a temperate forest landscape,Q25.2_16,FALSE,Extreme Events,Extreme Events,Extreme Events,,"Q12: Which Ecosystem Services were considered?  - Environmental Driver - Cultural Services, including Physical and psychological experiences ##do we include this?? [e.g. hunting, fishing, hiking]",Driver,Env,Env,Q12,CulturePsych,106,,AK,AIS,1,1,
R_3fIDczi0LW49SOG,AIS,Quantifying resilience of multiple ecosystem services and biodiversity in a temperate forest landscape,Q25.2_16,FALSE,Other,Other,,,"Q12: Which Ecosystem Services were considered?  - Environmental Driver - Cultural Services, including Physical and psychological experiences ##do we include this?? [e.g. hunting, fishing, hiking]",Driver,Env,Env,Q12,CulturePsych,106,,AK,AIS,2,,
R_1IY3pEd9cOw8s1h,AK,Quantifying resilience of multiple ecosystem services and biodiversity in a temperate forest landscape,Q25.4_4,FALSE,,,,,Q12: Which Ecosystem Services were considered?  - Biotic Driver - Regulation of climate [e.g. biological carbon storage and sequestration; methane emissions from wetlands],Driver,Bio,,Q12,ClimReg,126,,AK,AIS,1,0,
R_3fIDczi0LW49SOG,AIS,Quantifying resilience of multiple ecosystem services and biodiversity in a temperate forest landscape,Q25.4_4,FALSE,Other,Other,Other,,Q12: Which Ecosystem Services were considered?  - Biotic Driver - Regulation of climate [e.g. biological carbon storage and sequestration; methane emissions from wetlands],Driver,Bio,Bio,Q12,ClimReg,126,,AK,AIS,2,1,
R_1IY3pEd9cOw8s1h,AK,Quantifying resilience of multiple ecosystem services and biodiversity in a temperate forest landscape,Q25.4_8,FALSE,,,,,"Q12: Which Ecosystem Services were considered?  - Biotic Driver - Formation, protection, and decontamination of soils and sediments [e.g decomposition, erosion control]",Driver,Bio,,Q12,SoilProtect,130,,AK,AIS,1,,
R_3fIDczi0LW49SOG,AIS,Quantifying resilience of multiple ecosystem services and biodiversity in a temperate forest landscape,Q25.4_8,FALSE,Other,Other,,,"Q12: Which Ecosystem Services were considered?  - Biotic Driver - Formation, protection, and decontamination of soils and sediments [e.g decomposition, erosion control]",Driver,Bio,Bio,Q12,SoilProtect,130,,AK,AIS,2,,
R_1IY3pEd9cOw8s1h,AK,Quantifying resilience of multiple ecosystem services and biodiversity in a temperate forest landscape,Q25.4_14,FALSE,,,,,"Q12: Which Ecosystem Services were considered?  - Biotic Driver - Medicinal, biochemical, and genetic resources [e.g. plant and animal breeding, materials derived from plants, animals, microbes]",Driver,Bio,,Q12,MedGen,136,,AK,AIS,1,,
R_3fIDczi0LW49SOG,AIS,Quantifying resilience of multiple ecosystem services and biodiversity in a temperate forest landscape,Q25.4_14,FALSE,Other,Other,,,"Q12: Which Ecosystem Services were considered?  - Biotic Driver - Medicinal, biochemical, and genetic resources [e.g. plant and animal breeding, materials derived from plants, animals, microbes]",Driver,Bio,Bio,Q12,MedGen,136,,AK,AIS,2,,
R_1IY3pEd9cOw8s1h,AK,Quantifying resilience of multiple ecosystem services and biodiversity in a temperate forest landscape,Q25.4_16,FALSE,,,,,"Q12: Which Ecosystem Services were considered?  - Biotic Driver - Cultural Services, including Physical and psychological experiences ##do we include this?? [e.g. hunting, fishing, hiking]",Driver,Bio,,Q12,CulturePsych,138,,AK,AIS,1,,
R_3fIDczi0LW49SOG,AIS,Quantifying resilience of multiple ecosystem services and biodiversity in a temperate forest landscape,Q25.4_16,FALSE,Other,Other,,,"Q12: Which Ecosystem Services were considered?  - Biotic Driver - Cultural Services, including Physical and psychological experiences ##do we include this?? [e.g. hunting, fishing, hiking]",Driver,Bio,Bio,Q12,CulturePsych,138,,AK,AIS,2,,
R_1IY3pEd9cOw8s1h,AK,Quantifying resilience of multiple ecosystem services and biodiversity in a temperate forest landscape,Q25.5_4,TRUE,ES,ES,ES,,Q12: Which Ecosystem Services were considered?  - Paper reported Response 1 as: - Regulation of climate [e.g. biological carbon storage and sequestration; methane emissions from wetlands],Yclass,,,Q12,ClimReg,142,,AK,AIS,1,1,
R_3fIDczi0LW49SOG,AIS,Quantifying resilience of multiple ecosystem services and biodiversity in a temperate forest landscape,Q25.5_4,TRUE,ES,ES,,,Q12: Which Ecosystem Services were considered?  - Paper reported Response 1 as: - Regulation of climate [e.g. biological carbon storage and sequestration; methane emissions from wetlands],Yclass,,,Q12,ClimReg,142,,AK,AIS,2,0,
R_1IY3pEd9cOw8s1h,AK,Quantifying resilience of multiple ecosystem services and biodiversity in a temperate forest landscape,Q25.5_8,FALSE,,,,,"Q12: Which Ecosystem Services were considered?  - Paper reported Response 1 as: - Formation, protection, and decontamination of soils and sediments [e.g decomposition, erosion control]",Yclass,,,Q12,SoilProtect,146,,AK,AIS,1,,
R_3fIDczi0LW49SOG,AIS,Quantifying resilience of multiple ecosystem services and biodiversity in a temperate forest landscape,Q25.5_8,FALSE,ES,ES,ES,,"Q12: Which Ecosystem Services were considered?  - Paper reported Response 1 as: - Formation, protection, and decontamination of soils and sediments [e.g decomposition, erosion control]",Yclass,,,Q12,SoilProtect,146,,AK,AIS,2,1,
R_1IY3pEd9cOw8s1h,AK,Quantifying resilience of multiple ecosystem services and biodiversity in a temperate forest landscape,Q25.5_12,FALSE,"ES,Proxy for ES","ES,Proxy for ES","ES,Proxy for ES",,Q12: Which Ecosystem Services were considered?  - Paper reported Response 1 as: - Food and feed,Yclass,,,Q12,Food,150,,AK,AIS,1,1,
R_3fIDczi0LW49SOG,AIS,Quantifying resilience of multiple ecosystem services and biodiversity in a temperate forest landscape,Q25.5_12,FALSE,,,,,Q12: Which Ecosystem Services were considered?  - Paper reported Response 1 as: - Food and feed,Yclass,,,Q12,Food,150,,AK,AIS,2,,
R_1IY3pEd9cOw8s1h,AK,Quantifying resilience of multiple ecosystem services and biodiversity in a temperate forest landscape,Q25.5_13,FALSE,ES,ES,,,"Q12: Which Ecosystem Services were considered?  - Paper reported Response 1 as: - Materials and assistance [e.g. wood, fibers, waxes, paper, resins, dyes, pearls, shells, ornamental plants, pets, herders]",Yclass,,,Q12,Materials,151,,AK,AIS,1,,
R_3fIDczi0LW49SOG,AIS,Quantifying resilience of multiple ecosystem services and biodiversity in a temperate forest landscape,Q25.5_13,FALSE,,,,,"Q12: Which Ecosystem Services were considered?  - Paper reported Response 1 as: - Materials and assistance [e.g. wood, fibers, waxes, paper, resins, dyes, pearls, shells, ornamental plants, pets, herders]",Yclass,,,Q12,Materials,151,,AK,AIS,2,,
R_1IY3pEd9cOw8s1h,AK,Quantifying resilience of multiple ecosystem services and biodiversity in a temperate forest landscape,Q25.5_14,FALSE,,,,,"Q12: Which Ecosystem Services were considered?  - Paper reported Response 1 as: - Medicinal, biochemical, and genetic resources [e.g. plant and animal breeding, materials derived from plants, animals, microbes]",Yclass,,,Q12,MedGen,152,,AK,AIS,1,,
R_3fIDczi0LW49SOG,AIS,Quantifying resilience of multiple ecosystem services and biodiversity in a temperate forest landscape,Q25.5_14,FALSE,ES,ES,,,"Q12: Which Ecosystem Services were considered?  - Paper reported Response 1 as: - Medicinal, biochemical, and genetic resources [e.g. plant and animal breeding, materials derived from plants, animals, microbes]",Yclass,,,Q12,MedGen,152,,AK,AIS,2,,
R_1IY3pEd9cOw8s1h,AK,Quantifying resilience of multiple ecosystem services and biodiversity in a temperate forest landscape,Q25.5_16,TRUE,ES,ES,,,"Q12: Which Ecosystem Services were considered?  - Paper reported Response 1 as: - Cultural Services, including Physical and psychological experiences ##do we include this?? [e.g. hunting, fishing, hiking]",Yclass,,,Q12,CulturePsych,154,,AK,AIS,1,,
R_3fIDczi0LW49SOG,AIS,Quantifying resilience of multiple ecosystem services and biodiversity in a temperate forest landscape,Q25.5_16,TRUE,ES,ES,,,"Q12: Which Ecosystem Services were considered?  - Paper reported Response 1 as: - Cultural Services, including Physical and psychological experiences ##do we include this?? [e.g. hunting, fishing, hiking]",Yclass,,,Q12,CulturePsych,154,,AK,AIS,2,,
R_1IY3pEd9cOw8s1h,AK,Quantifying resilience of multiple ecosystem services and biodiversity in a temperate forest landscape,Q25.6_4,TRUE,Mixed,Mixed,,,Q12: Which Ecosystem Services were considered?  - Direction of Environmental Driver Relationship - Regulation of climate [e.g. biological carbon storage and sequestration; methane emissions from wetlands],EffectDirect,Env,,Q12,ClimReg,158,,AK,AIS,1,1,
R_3fIDczi0LW49SOG,AIS,Quantifying resilience of multiple ecosystem services and biodiversity in a temperate forest landscape,Q25.6_4,TRUE,Mixed,Mixed,,,Q12: Which Ecosystem Services were considered?  - Direction of Environmental Driver Relationship - Regulation of climate [e.g. biological carbon storage and sequestration; methane emissions from wetlands],EffectDirect,Env,,Q12,ClimReg,158,,AK,AIS,2,0,
R_1IY3pEd9cOw8s1h,AK,Quantifying resilience of multiple ecosystem services and biodiversity in a temperate forest landscape,Q25.6_8,FALSE,,,,,"Q12: Which Ecosystem Services were considered?  - Direction of Environmental Driver Relationship - Formation, protection, and decontamination of soils and sediments [e.g decomposition, erosion control]",EffectDirect,Env,,Q12,SoilProtect,162,,AK,AIS,1,,
R_3fIDczi0LW49SOG,AIS,Quantifying resilience of multiple ecosystem services and biodiversity in a temperate forest landscape,Q25.6_8,FALSE,Mixed,Mixed,,,"Q12: Which Ecosystem Services were considered?  - Direction of Environmental Driver Relationship - Formation, protection, and decontamination of soils and sediments [e.g decomposition, erosion control]",EffectDirect,Env,,Q12,SoilProtect,162,,AK,AIS,2,,
R_1IY3pEd9cOw8s1h,AK,Quantifying resilience of multiple ecosystem services and biodiversity in a temperate forest landscape,Q25.6_12,FALSE,Mixed,Mixed,,,Q12: Which Ecosystem Services were considered?  - Direction of Environmental Driver Relationship - Food and feed,EffectDirect,Env,,Q12,Food,166,,AK,AIS,1,,
R_3fIDczi0LW49SOG,AIS,Quantifying resilience of multiple ecosystem services and biodiversity in a temperate forest landscape,Q25.6_12,FALSE,,,,,Q12: Which Ecosystem Services were considered?  - Direction of Environmental Driver Relationship - Food and feed,EffectDirect,Env,,Q12,Food,166,,AK,AIS,2,,
R_1IY3pEd9cOw8s1h,AK,Quantifying resilience of multiple ecosystem services and biodiversity in a temperate forest landscape,Q25.6_13,FALSE,Mixed,Mixed,,,"Q12: Which Ecosystem Services were considered?  - Direction of Environmental Driver Relationship - Materials and assistance [e.g. wood, fibers, waxes, paper, resins, dyes, pearls, shells, ornamental plants, pets, herders]",EffectDirect,Env,,Q12,Materials,167,,AK,AIS,1,,
R_3fIDczi0LW49SOG,AIS,Quantifying resilience of multiple ecosystem services and biodiversity in a temperate forest landscape,Q25.6_13,FALSE,,,,,"Q12: Which Ecosystem Services were considered?  - Direction of Environmental Driver Relationship - Materials and assistance [e.g. wood, fibers, waxes, paper, resins, dyes, pearls, shells, ornamental plants, pets, herders]",EffectDirect,Env,,Q12,Materials,167,,AK,AIS,2,,
R_1IY3pEd9cOw8s1h,AK,Quantifying resilience of multiple ecosystem services and biodiversity in a temperate forest landscape,Q25.6_14,FALSE,,,,,"Q12: Which Ecosystem Services were considered?  - Direction of Environmental Driver Relationship - Medicinal, biochemical, and genetic resources [e.g. plant and animal breeding, materials derived from plants, animals, microbes]",EffectDirect,Env,,Q12,MedGen,168,,AK,AIS,1,,
R_3fIDczi0LW49SOG,AIS,Quantifying resilience of multiple ecosystem services and biodiversity in a temperate forest landscape,Q25.6_14,FALSE,Mixed,Mixed,Mixed,,"Q12: Which Ecosystem Services were considered?  - Direction of Environmental Driver Relationship - Medicinal, biochemical, and genetic resources [e.g. plant and animal breeding, materials derived from plants, animals, microbes]",EffectDirect,Env,,Q12,MedGen,168,,AK,AIS,2,1,
R_1IY3pEd9cOw8s1h,AK,Quantifying resilience of multiple ecosystem services and biodiversity in a temperate forest landscape,Q25.6_16,TRUE,Mixed,Mixed,Mixed,,"Q12: Which Ecosystem Services were considered?  - Direction of Environmental Driver Relationship - Cultural Services, including Physical and psychological experiences ##do we include this?? [e.g. hunting, fishing, hiking]",EffectDirect,Env,,Q12,CulturePsych,170,,AK,AIS,1,1,
R_3fIDczi0LW49SOG,AIS,Quantifying resilience of multiple ecosystem services and biodiversity in a temperate forest landscape,Q25.6_16,TRUE,Mixed,Mixed,,,"Q12: Which Ecosystem Services were considered?  - Direction of Environmental Driver Relationship - Cultural Services, including Physical and psychological experiences ##do we include this?? [e.g. hunting, fishing, hiking]",EffectDirect,Env,,Q12,CulturePsych,170,,AK,AIS,2,,
R_1IY3pEd9cOw8s1h,AK,Quantifying resilience of multiple ecosystem services and biodiversity in a temperate forest landscape,Q25.8_4,FALSE,,,,,Q12: Which Ecosystem Services were considered?  - Direction of Biotic Driver Relationship - Regulation of climate [e.g. biological carbon storage and sequestration; methane emissions from wetlands],EffectDirect,Bio,,Q12,ClimReg,190,,AK,AIS,1,0,
R_3fIDczi0LW49SOG,AIS,Quantifying resilience of multiple ecosystem services and biodiversity in a temperate forest landscape,Q25.8_4,FALSE,Mixed,Mixed,Mixed,,Q12: Which Ecosystem Services were considered?  - Direction of Biotic Driver Relationship - Regulation of climate [e.g. biological carbon storage and sequestration; methane emissions from wetlands],EffectDirect,Bio,,Q12,ClimReg,190,,AK,AIS,2,1,
R_1IY3pEd9cOw8s1h,AK,Quantifying resilience of multiple ecosystem services and biodiversity in a temperate forest landscape,Q25.8_8,FALSE,,,,,"Q12: Which Ecosystem Services were considered?  - Direction of Biotic Driver Relationship - Formation, protection, and decontamination of soils and sediments [e.g decomposition, erosion control]",EffectDirect,Bio,,Q12,SoilProtect,194,,AK,AIS,1,,
R_3fIDczi0LW49SOG,AIS,Quantifying resilience of multiple ecosystem services and biodiversity in a temperate forest landscape,Q25.8_8,FALSE,Mixed,Mixed,,,"Q12: Which Ecosystem Services were considered?  - Direction of Biotic Driver Relationship - Formation, protection, and decontamination of soils and sediments [e.g decomposition, erosion control]",EffectDirect,Bio,,Q12,SoilProtect,194,,AK,AIS,2,,
R_1IY3pEd9cOw8s1h,AK,Quantifying resilience of multiple ecosystem services and biodiversity in a temperate forest landscape,Q25.8_14,FALSE,,,,,"Q12: Which Ecosystem Services were considered?  - Direction of Biotic Driver Relationship - Medicinal, biochemical, and genetic resources [e.g. plant and animal breeding, materials derived from plants, animals, microbes]",EffectDirect,Bio,,Q12,MedGen,200,,AK,AIS,1,,
R_3fIDczi0LW49SOG,AIS,Quantifying resilience of multiple ecosystem services and biodiversity in a temperate forest landscape,Q25.8_14,FALSE,Mixed,Mixed,,,"Q12: Which Ecosystem Services were considered?  - Direction of Biotic Driver Relationship - Medicinal, biochemical, and genetic resources [e.g. plant and animal breeding, materials derived from plants, animals, microbes]",EffectDirect,Bio,,Q12,MedGen,200,,AK,AIS,2,,
R_1IY3pEd9cOw8s1h,AK,Quantifying resilience of multiple ecosystem services and biodiversity in a temperate forest landscape,Q25.8_16,FALSE,,,,,"Q12: Which Ecosystem Services were considered?  - Direction of Biotic Driver Relationship - Cultural Services, including Physical and psychological experiences ##do we include this?? [e.g. hunting, fishing, hiking]",EffectDirect,Bio,,Q12,CulturePsych,202,,AK,AIS,1,,
R_3fIDczi0LW49SOG,AIS,Quantifying resilience of multiple ecosystem services and biodiversity in a temperate forest landscape,Q25.8_16,FALSE,Mixed,Mixed,,,"Q12: Which Ecosystem Services were considered?  - Direction of Biotic Driver Relationship - Cultural Services, including Physical and psychological experiences ##do we include this?? [e.g. hunting, fishing, hiking]",EffectDirect,Bio,,Q12,CulturePsych,202,,AK,AIS,2,,
R_1IY3pEd9cOw8s1h,AK,Quantifying resilience of multiple ecosystem services and biodiversity in a temperate forest landscape,Q17,FALSE,,,,,List Other Environmental Driver from Q12 (sep. with commas),OtherDriver,Env,,Q12,,203,,AK,AIS,1,,
R_3fIDczi0LW49SOG,AIS,Quantifying resilience of multiple ecosystem services and biodiversity in a temperate forest landscape,Q17,FALSE,windthrow event,windthrow event,windthrow event,,List Other Environmental Driver from Q12 (sep. with commas),OtherDriver,Env,Env,Q12,ClimReg,203,Infilled ES from Driver where 'Other' specified,AK,AIS,2,1,
R_3fIDczi0LW49SOG,AIS,Quantifying resilience of multiple ecosystem services and biodiversity in a temperate forest landscape,Q17,FALSE,windthrow event,windthrow event,browsing of trees by livestock and deer,,List Other Environmental Driver from Q12 (sep. with commas),OtherDriver,Env,Env,Q12,CulturePsych,203,Infilled ES from Driver where 'Other' specified,AK,AIS,2,,
R_3fIDczi0LW49SOG,AIS,Quantifying resilience of multiple ecosystem services and biodiversity in a temperate forest landscape,Q17,FALSE,windthrow event,windthrow event,pathogen attack,,List Other Environmental Driver from Q12 (sep. with commas),OtherDriver,Env,Env,Q12,MedGen,203,Infilled ES from Driver where 'Other' specified,AK,AIS,2,,
R_3fIDczi0LW49SOG,AIS,Quantifying resilience of multiple ecosystem services and biodiversity in a temperate forest landscape,Q17,FALSE,windthrow event,windthrow event,windthrow event,,List Other Environmental Driver from Q12 (sep. with commas),OtherDriver,Env,Env,Q12,SoilProtect,203,Infilled ES from Driver where 'Other' specified,AK,AIS,2,1,
R_1IY3pEd9cOw8s1h,AK,Quantifying resilience of multiple ecosystem services and biodiversity in a temperate forest landscape,Q26,FALSE,,,,,List Other Biotic Driver from Q12 (sep. with commas),OtherDriver,Bio,,Q12,,205,,AK,AIS,1,,
R_3fIDczi0LW49SOG,AIS,Quantifying resilience of multiple ecosystem services and biodiversity in a temperate forest landscape,Q26,FALSE,"pathogen attack, browsing of trees by livestock and deer",browsing of trees by livestock and deer,browsing of trees by livestock and deer,,List Other Biotic Driver from Q12 (sep. with commas),OtherDriver,Bio,Bio,Q12,ClimReg,205,Infilled ES from Driver where 'Other' specified,AK,AIS,2,1,
R_3fIDczi0LW49SOG,AIS,Quantifying resilience of multiple ecosystem services and biodiversity in a temperate forest landscape,Q26,FALSE,"pathogen attack, browsing of trees by livestock and deer",browsing of trees by livestock and deer,,,List Other Biotic Driver from Q12 (sep. with commas),OtherDriver,Bio,Bio,Q12,CulturePsych,205,Infilled ES from Driver where 'Other' specified,AK,AIS,2,,
R_3fIDczi0LW49SOG,AIS,Quantifying resilience of multiple ecosystem services and biodiversity in a temperate forest landscape,Q26,FALSE,"pathogen attack, browsing of trees by livestock and deer",browsing of trees by livestock and deer,,,List Other Biotic Driver from Q12 (sep. with commas),OtherDriver,Bio,Bio,Q12,MedGen,205,Infilled ES from Driver where 'Other' specified,AK,AIS,2,,
R_3fIDczi0LW49SOG,AIS,Quantifying resilience of multiple ecosystem services and biodiversity in a temperate forest landscape,Q26,FALSE,"pathogen attack, browsing of trees by livestock and deer",browsing of trees by livestock and deer,,,List Other Biotic Driver from Q12 (sep. with commas),OtherDriver,Bio,Bio,Q12,SoilProtect,205,Infilled ES from Driver where 'Other' specified,AK,AIS,2,,
R_3fIDczi0LW49SOG,AIS,Quantifying resilience of multiple ecosystem services and biodiversity in a temperate forest landscape,Q26,FALSE,"pathogen attack, browsing of trees by livestock and deer",pathogen attack,pathogen attack,,List Other Biotic Driver from Q12 (sep. with commas),OtherDriver,Bio,Bio,Q12,ClimReg,205,Infilled ES from Driver where 'Other' specified,AK,AIS,2,1,
R_3fIDczi0LW49SOG,AIS,Quantifying resilience of multiple ecosystem services and biodiversity in a temperate forest landscape,Q26,FALSE,"pathogen attack, browsing of trees by livestock and deer",pathogen attack,,,List Other Biotic Driver from Q12 (sep. with commas),OtherDriver,Bio,Bio,Q12,CulturePsych,205,Infilled ES from Driver where 'Other' specified,AK,AIS,2,,
R_3fIDczi0LW49SOG,AIS,Quantifying resilience of multiple ecosystem services and biodiversity in a temperate forest landscape,Q26,FALSE,"pathogen attack, browsing of trees by livestock and deer",pathogen attack,,,List Other Biotic Driver from Q12 (sep. with commas),OtherDriver,Bio,Bio,Q12,MedGen,205,Infilled ES from Driver where 'Other' specified,AK,AIS,2,,
R_3fIDczi0LW49SOG,AIS,Quantifying resilience of multiple ecosystem services and biodiversity in a temperate forest landscape,Q26,FALSE,"pathogen attack, browsing of trees by livestock and deer",pathogen attack,,,List Other Biotic Driver from Q12 (sep. with commas),OtherDriver,Bio,Bio,Q12,SoilProtect,205,Infilled ES from Driver where 'Other' specified,AK,AIS,2,,
R_1IY3pEd9cOw8s1h,AK,Quantifying resilience of multiple ecosystem services and biodiversity in a temperate forest landscape,Q18,FALSE,"Kremen Topic 1 : ESPs,Kremen Topic 2 : Community structure influencing function","Kremen Topic 1 : ESPs,Kremen Topic 2 : Community structure influencing function,Kremen Topic 3 : Environmental factors that influence provision (env. drivers not including human drivers),Kremen Topic 4 : Scale",,,Q13: Which of Kremen's Topics does this paper address?,KremenTopics,,,Q13,,206,Added KT3 based on environmental driver and no KT3 checked; appended KT 4:Scale (has multi time or spatial scale but KT 4 not checked),AK,AIS,1,,
R_3fIDczi0LW49SOG,AIS,Quantifying resilience of multiple ecosystem services and biodiversity in a temperate forest landscape,Q18,FALSE,"Kremen Topic 2 : Community structure influencing function,Kremen Topic 3 : Environmental factors that influence provision (env. drivers, not including human drivers)),Kremen Topic 4 : Scale","Kremen Topic 2 : Community structure influencing function,Kremen Topic 3 : Environmental factors that influence provision (env. drivers not including human drivers),Kremen Topic 4 : Scale","Kremen Topic 2 : Community structure influencing function,Kremen Topic 3 : Environmental factors that influence provision (env. drivers, not including human drivers))",,Q13: Which of Kremen's Topics does this paper address?,KremenTopics,,,Q13,,206,,AK,AIS,2,1,
R_1IY3pEd9cOw8s1h,AK,Quantifying resilience of multiple ecosystem services and biodiversity in a temperate forest landscape,Q21,FALSE,No feedbacks measured directly,No feedbacks measured directly,,,Q15: Does the paper measure feedbacks between levels?,Feedbacks,,,Q15,,209,,AK,AIS,1,,
R_3fIDczi0LW49SOG,AIS,Quantifying resilience of multiple ecosystem services and biodiversity in a temperate forest landscape,Q21,FALSE,Ecosystem services -> service providers,Ecosystem services -> service providers,Ecosystem services -> service providers,,Q15: Does the paper measure feedbacks between levels?,Feedbacks,,,Q15,,209,,AK,AIS,2,1,
R_1IY3pEd9cOw8s1h,AK,Quantifying resilience of multiple ecosystem services and biodiversity in a temperate forest landscape,Q22,FALSE,Yes,Yes,,,Q16: Are there explicit discussions of thresholds required for the provisioning of the ES discussed?,Thresholds,,,Q16,,210,,AK,AIS,1,,
R_3fIDczi0LW49SOG,AIS,Quantifying resilience of multiple ecosystem services and biodiversity in a temperate forest landscape,Q22,FALSE,Mentioned or discussed but not measured,Mentioned or discussed but not measured,Mentioned or discussed but not measured,,Q16: Are there explicit discussions of thresholds required for the provisioning of the ES discussed?,Thresholds,,,Q16,,210,,AK,AIS,2,1,
R_vxI3KdgnI625Mgp,AK,Seeing the light: urban stream restoration affects stream metabolism and nitrate uptake via changes in canopy cover,Q25.1_1_1,FALSE,gross primary production,gross primary production,,,"Q12: Which Ecosystem Services were considered?  - Write in the response variable used to approx. ES, or EF proxy - Habitat creation and maintenance - Response 1: Separate by commas",Response,,,Q12,HabCreate,59,,AK,AIS,1,,
R_1CKCAHQtZDm3n6y,AIS,Seeing the light: urban stream restoration affects stream metabolism and nitrate uptake via changes in canopy cover,Q25.1_1_1,FALSE,,,,,"Q12: Which Ecosystem Services were considered?  - Write in the response variable used to approx. ES, or EF proxy - Habitat creation and maintenance - Response 1: Separate by commas",Response,,,Q12,HabCreate,59,,AK,AIS,2,,
R_vxI3KdgnI625Mgp,AK,Seeing the light: urban stream restoration affects stream metabolism and nitrate uptake via changes in canopy cover,Q25.1_4_1,FALSE,,,,,"Q12: Which Ecosystem Services were considered?  - Write in the response variable used to approx. ES, or EF proxy - Regulation of climate [e.g. biological carbon storage and sequestration; me... - Regulation of climate [e.g. biological carbon storage and sequestration; methane emissions from wetlands] - Response 1: Separate by commas",Response,,,Q12,ClimReg,65,,AK,AIS,1,,
R_1CKCAHQtZDm3n6y,AIS,Seeing the light: urban stream restoration affects stream metabolism and nitrate uptake via changes in canopy cover,Q25.1_4_1,FALSE,"GPP, ER",ER,ER,,"Q12: Which Ecosystem Services were considered?  - Write in the response variable used to approx. ES, or EF proxy - Regulation of climate [e.g. biological carbon storage and sequestration; me... - Regulation of climate [e.g. biological carbon storage and sequestration; methane emissions from wetlands] - Response 1: Separate by commas",Response,,,Q12,ClimReg,65,,AK,AIS,2,1,
R_1CKCAHQtZDm3n6y,AIS,Seeing the light: urban stream restoration affects stream metabolism and nitrate uptake via changes in canopy cover,Q25.1_4_1,FALSE,"GPP, ER",GPP,GPP,,"Q12: Which Ecosystem Services were considered?  - Write in the response variable used to approx. ES, or EF proxy - Regulation of climate [e.g. biological carbon storage and sequestration; me... - Regulation of climate [e.g. biological carbon storage and sequestration; methane emissions from wetlands] - Response 1: Separate by commas",Response,,,Q12,ClimReg,65,,AK,AIS,2,1,
R_vxI3KdgnI625Mgp,AK,Seeing the light: urban stream restoration affects stream metabolism and nitrate uptake via changes in canopy cover,Q25.1_7_1,FALSE,nitrate spiraling rates,nitrate spiraling rates,nitrate spiraling rates,,"Q12: Which Ecosystem Services were considered?  - Write in the response variable used to approx. ES, or EF proxy - Regulation of freshwater and coastal water quality [e.g. filtration of part... - Regulation of freshwater and coastal water quality [e.g. filtration of particles, pathogens, excess nutrients, and other chemicals] - Response 1: Separate by commas",Response,,,Q12,coastWQReg,71,,AK,AIS,1,1,
R_1CKCAHQtZDm3n6y,AIS,Seeing the light: urban stream restoration affects stream metabolism and nitrate uptake via changes in canopy cover,Q25.1_7_1,FALSE,nitrate  spiraling rates,nitrate  spiraling rates,,,"Q12: Which Ecosystem Services were considered?  - Write in the response variable used to approx. ES, or EF proxy - Regulation of freshwater and coastal water quality [e.g. filtration of part... - Regulation of freshwater and coastal water quality [e.g. filtration of particles, pathogens, excess nutrients, and other chemicals] - Response 1: Separate by commas",Response,,,Q12,coastWQReg,71,,AK,AIS,2,,
R_vxI3KdgnI625Mgp,AK,Seeing the light: urban stream restoration affects stream metabolism and nitrate uptake via changes in canopy cover,Q25.3_1,FALSE,Other,Other,,,Q12: Which Ecosystem Services were considered?  - Human Driver - Habitat creation and maintenance,Driver,Anthro,Anthro,Q12,HabCreate,107,,AK,AIS,1,,
R_1CKCAHQtZDm3n6y,AIS,Seeing the light: urban stream restoration affects stream metabolism and nitrate uptake via changes in canopy cover,Q25.3_1,FALSE,,,,,Q12: Which Ecosystem Services were considered?  - Human Driver - Habitat creation and maintenance,Driver,Anthro,,Q12,HabCreate,107,,AK,AIS,2,,
R_vxI3KdgnI625Mgp,AK,Seeing the light: urban stream restoration affects stream metabolism and nitrate uptake via changes in canopy cover,Q25.3_4,FALSE,,,,,Q12: Which Ecosystem Services were considered?  - Human Driver - Regulation of climate [e.g. biological carbon storage and sequestration; methane emissions from wetlands],Driver,Anthro,,Q12,ClimReg,110,,AK,AIS,1,,
R_1CKCAHQtZDm3n6y,AIS,Seeing the light: urban stream restoration affects stream metabolism and nitrate uptake via changes in canopy cover,Q25.3_4,FALSE,"Land use change,Management Practices",Land use change,Land use change,,Q12: Which Ecosystem Services were considered?  - Human Driver - Regulation of climate [e.g. biological carbon storage and sequestration; methane emissions from wetlands],Driver,Anthro,Anthro,Q12,ClimReg,110,,AK,AIS,2,1,
R_1CKCAHQtZDm3n6y,AIS,Seeing the light: urban stream restoration affects stream metabolism and nitrate uptake via changes in canopy cover,Q25.3_4,FALSE,"Land use change,Management Practices",Management Practices,Management Practices,,Q12: Which Ecosystem Services were considered?  - Human Driver - Regulation of climate [e.g. biological carbon storage and sequestration; methane emissions from wetlands],Driver,Anthro,Anthro,Q12,ClimReg,110,,AK,AIS,2,1,
R_vxI3KdgnI625Mgp,AK,Seeing the light: urban stream restoration affects stream metabolism and nitrate uptake via changes in canopy cover,Q25.3_7,FALSE,Other,Other,,,"Q12: Which Ecosystem Services were considered?  - Human Driver - Regulation of freshwater and coastal water quality [e.g. filtration of particles, pathogens, excess nutrients, and other chemicals]",Driver,Anthro,Anthro,Q12,coastWQReg,113,,AK,AIS,1,,
R_1CKCAHQtZDm3n6y,AIS,Seeing the light: urban stream restoration affects stream metabolism and nitrate uptake via changes in canopy cover,Q25.3_7,FALSE,"Land use change,Management Practices",Land use change,Land use change,,"Q12: Which Ecosystem Services were considered?  - Human Driver - Regulation of freshwater and coastal water quality [e.g. filtration of particles, pathogens, excess nutrients, and other chemicals]",Driver,Anthro,Anthro,Q12,coastWQReg,113,,AK,AIS,2,1,
R_1CKCAHQtZDm3n6y,AIS,Seeing the light: urban stream restoration affects stream metabolism and nitrate uptake via changes in canopy cover,Q25.3_7,FALSE,"Land use change,Management Practices",Management Practices,Management Practices,,"Q12: Which Ecosystem Services were considered?  - Human Driver - Regulation of freshwater and coastal water quality [e.g. filtration of particles, pathogens, excess nutrients, and other chemicals]",Driver,Anthro,Anthro,Q12,coastWQReg,113,,AK,AIS,2,1,
R_vxI3KdgnI625Mgp,AK,Seeing the light: urban stream restoration affects stream metabolism and nitrate uptake via changes in canopy cover,Q25.4_1,FALSE,Other,Other,,,Q12: Which Ecosystem Services were considered?  - Biotic Driver - Habitat creation and maintenance,Driver,Bio,Bio,Q12,HabCreate,123,,AK,AIS,1,,
R_1CKCAHQtZDm3n6y,AIS,Seeing the light: urban stream restoration affects stream metabolism and nitrate uptake via changes in canopy cover,Q25.4_1,FALSE,,,,,Q12: Which Ecosystem Services were considered?  - Biotic Driver - Habitat creation and maintenance,Driver,Bio,,Q12,HabCreate,123,,AK,AIS,2,,
R_vxI3KdgnI625Mgp,AK,Seeing the light: urban stream restoration affects stream metabolism and nitrate uptake via changes in canopy cover,Q25.4_7,FALSE,Other,Other,,,"Q12: Which Ecosystem Services were considered?  - Biotic Driver - Regulation of freshwater and coastal water quality [e.g. filtration of particles, pathogens, excess nutrients, and other chemicals]",Driver,Bio,Bio,Q12,coastWQReg,129,,AK,AIS,1,,
R_1CKCAHQtZDm3n6y,AIS,Seeing the light: urban stream restoration affects stream metabolism and nitrate uptake via changes in canopy cover,Q25.4_7,FALSE,,,,,"Q12: Which Ecosystem Services were considered?  - Biotic Driver - Regulation of freshwater and coastal water quality [e.g. filtration of particles, pathogens, excess nutrients, and other chemicals]",Driver,Bio,,Q12,coastWQReg,129,,AK,AIS,2,,
R_vxI3KdgnI625Mgp,AK,Seeing the light: urban stream restoration affects stream metabolism and nitrate uptake via changes in canopy cover,Q25.5_1,FALSE,Proxy for ES,Proxy for ES,,,Q12: Which Ecosystem Services were considered?  - Paper reported Response 1 as: - Habitat creation and maintenance,Yclass,,,Q12,HabCreate,139,,AK,AIS,1,,
R_1CKCAHQtZDm3n6y,AIS,Seeing the light: urban stream restoration affects stream metabolism and nitrate uptake via changes in canopy cover,Q25.5_1,FALSE,,,,,Q12: Which Ecosystem Services were considered?  - Paper reported Response 1 as: - Habitat creation and maintenance,Yclass,,,Q12,HabCreate,139,,AK,AIS,2,,
R_vxI3KdgnI625Mgp,AK,Seeing the light: urban stream restoration affects stream metabolism and nitrate uptake via changes in canopy cover,Q25.5_7,FALSE,Proxy for ES,Proxy for ES,Proxy for ES,,"Q12: Which Ecosystem Services were considered?  - Paper reported Response 1 as: - Regulation of freshwater and coastal water quality [e.g. filtration of particles, pathogens, excess nutrients, and other chemicals]",Yclass,,,Q12,coastWQReg,145,,AK,AIS,1,1,
R_1CKCAHQtZDm3n6y,AIS,Seeing the light: urban stream restoration affects stream metabolism and nitrate uptake via changes in canopy cover,Q25.5_7,FALSE,,,Proxy for ES,,"Q12: Which Ecosystem Services were considered?  - Paper reported Response 1 as: - Regulation of freshwater and coastal water quality [e.g. filtration of particles, pathogens, excess nutrients, and other chemicals]",Yclass,,,Q12,coastWQReg,145,,AK,AIS,2,1,
R_vxI3KdgnI625Mgp,AK,Seeing the light: urban stream restoration affects stream metabolism and nitrate uptake via changes in canopy cover,Q25.7_1,FALSE,Mixed,Mixed,,,Q12: Which Ecosystem Services were considered?  - Direction of Human Driver Relationship - Habitat creation and maintenance,EffectDirect,Anthro,,Q12,HabCreate,171,,AK,AIS,1,,
R_1CKCAHQtZDm3n6y,AIS,Seeing the light: urban stream restoration affects stream metabolism and nitrate uptake via changes in canopy cover,Q25.7_1,FALSE,,,,,Q12: Which Ecosystem Services were considered?  - Direction of Human Driver Relationship - Habitat creation and maintenance,EffectDirect,Anthro,,Q12,HabCreate,171,,AK,AIS,2,,
R_vxI3KdgnI625Mgp,AK,Seeing the light: urban stream restoration affects stream metabolism and nitrate uptake via changes in canopy cover,Q25.7_4,FALSE,,,,,Q12: Which Ecosystem Services were considered?  - Direction of Human Driver Relationship - Regulation of climate [e.g. biological carbon storage and sequestration; methane emissions from wetlands],EffectDirect,Anthro,,Q12,ClimReg,174,,AK,AIS,1,,
R_1CKCAHQtZDm3n6y,AIS,Seeing the light: urban stream restoration affects stream metabolism and nitrate uptake via changes in canopy cover,Q25.7_4,FALSE,Mixed,Mixed,Mixed,,Q12: Which Ecosystem Services were considered?  - Direction of Human Driver Relationship - Regulation of climate [e.g. biological carbon storage and sequestration; methane emissions from wetlands],EffectDirect,Anthro,,Q12,ClimReg,174,,AK,AIS,2,1,
R_vxI3KdgnI625Mgp,AK,Seeing the light: urban stream restoration affects stream metabolism and nitrate uptake via changes in canopy cover,Q25.7_7,TRUE,Mixed,Mixed,Mixed,,"Q12: Which Ecosystem Services were considered?  - Direction of Human Driver Relationship - Regulation of freshwater and coastal water quality [e.g. filtration of particles, pathogens, excess nutrients, and other chemicals]",EffectDirect,Anthro,,Q12,coastWQReg,177,,AK,AIS,1,1,
R_1CKCAHQtZDm3n6y,AIS,Seeing the light: urban stream restoration affects stream metabolism and nitrate uptake via changes in canopy cover,Q25.7_7,TRUE,Mixed,Mixed,,,"Q12: Which Ecosystem Services were considered?  - Direction of Human Driver Relationship - Regulation of freshwater and coastal water quality [e.g. filtration of particles, pathogens, excess nutrients, and other chemicals]",EffectDirect,Anthro,,Q12,coastWQReg,177,,AK,AIS,2,,
R_vxI3KdgnI625Mgp,AK,Seeing the light: urban stream restoration affects stream metabolism and nitrate uptake via changes in canopy cover,Q25.8_1,FALSE,Mixed,Mixed,,,Q12: Which Ecosystem Services were considered?  - Direction of Biotic Driver Relationship - Habitat creation and maintenance,EffectDirect,Bio,,Q12,HabCreate,187,,AK,AIS,1,,
R_1CKCAHQtZDm3n6y,AIS,Seeing the light: urban stream restoration affects stream metabolism and nitrate uptake via changes in canopy cover,Q25.8_1,FALSE,,,,,Q12: Which Ecosystem Services were considered?  - Direction of Biotic Driver Relationship - Habitat creation and maintenance,EffectDirect,Bio,,Q12,HabCreate,187,,AK,AIS,2,,
R_vxI3KdgnI625Mgp,AK,Seeing the light: urban stream restoration affects stream metabolism and nitrate uptake via changes in canopy cover,Q25.8_7,FALSE,-,-,,,"Q12: Which Ecosystem Services were considered?  - Direction of Biotic Driver Relationship - Regulation of freshwater and coastal water quality [e.g. filtration of particles, pathogens, excess nutrients, and other chemicals]",EffectDirect,Bio,,Q12,coastWQReg,193,,AK,AIS,1,,
R_1CKCAHQtZDm3n6y,AIS,Seeing the light: urban stream restoration affects stream metabolism and nitrate uptake via changes in canopy cover,Q25.8_7,FALSE,,,,,"Q12: Which Ecosystem Services were considered?  - Direction of Biotic Driver Relationship - Regulation of freshwater and coastal water quality [e.g. filtration of particles, pathogens, excess nutrients, and other chemicals]",EffectDirect,Bio,,Q12,coastWQReg,193,,AK,AIS,2,,
R_vxI3KdgnI625Mgp,AK,Seeing the light: urban stream restoration affects stream metabolism and nitrate uptake via changes in canopy cover,Q25,FALSE,Restoration,Restoration,,,List Other Human Driver from Q12 (sep. with commas),OtherDriver,Anthro,Anthro,Q12,coastWQReg,204,Infilled ES from Driver where 'Other' specified,AK,AIS,1,,
R_vxI3KdgnI625Mgp,AK,Seeing the light: urban stream restoration affects stream metabolism and nitrate uptake via changes in canopy cover,Q25,FALSE,Restoration,Restoration,,,List Other Human Driver from Q12 (sep. with commas),OtherDriver,Anthro,Anthro,Q12,HabCreate,204,Infilled ES from Driver where 'Other' specified,AK,AIS,1,,
R_1CKCAHQtZDm3n6y,AIS,Seeing the light: urban stream restoration affects stream metabolism and nitrate uptake via changes in canopy cover,Q25,FALSE,,,,,List Other Human Driver from Q12 (sep. with commas),OtherDriver,Anthro,,Q12,,204,,AK,AIS,2,,
R_vxI3KdgnI625Mgp,AK,Seeing the light: urban stream restoration affects stream metabolism and nitrate uptake via changes in canopy cover,Q26,FALSE,Canopy cover,Canopy cover,,,List Other Biotic Driver from Q12 (sep. with commas),OtherDriver,Bio,Bio,Q12,coastWQReg,205,Infilled ES from Driver where 'Other' specified,AK,AIS,1,,
R_vxI3KdgnI625Mgp,AK,Seeing the light: urban stream restoration affects stream metabolism and nitrate uptake via changes in canopy cover,Q26,FALSE,Canopy cover,Canopy cover,,,List Other Biotic Driver from Q12 (sep. with commas),OtherDriver,Bio,Bio,Q12,HabCreate,205,Infilled ES from Driver where 'Other' specified,AK,AIS,1,,
R_1CKCAHQtZDm3n6y,AIS,Seeing the light: urban stream restoration affects stream metabolism and nitrate uptake via changes in canopy cover,Q26,FALSE,,,,,List Other Biotic Driver from Q12 (sep. with commas),OtherDriver,Bio,,Q12,,205,,AK,AIS,2,,
R_vxI3KdgnI625Mgp,AK,Seeing the light: urban stream restoration affects stream metabolism and nitrate uptake via changes in canopy cover,Q18,FALSE,"Kremen Topic 3 : Environmental factors that influence provision (env. drivers, not including human drivers))",Kremen Topic 4 : Scale,,,Q13: Which of Kremen's Topics does this paper address?,KremenTopics,,,Q13,,206,Removed KT3 based on lack of environmental driver; appended KT 4:Scale (has multi time or spatial scale but KT 4 not checked),AK,AIS,1,,
R_1CKCAHQtZDm3n6y,AIS,Seeing the light: urban stream restoration affects stream metabolism and nitrate uptake via changes in canopy cover,Q18,FALSE,Kremen Topic 2 : Community structure influencing function,"Kremen Topic 2 : Community structure influencing function,Kremen Topic 4 : Scale","Kremen Topic 2 : Community structure influencing function,Kremen Topic 3 : Environmental factors that influence provision (env. drivers, not including human drivers)),Kremen Topic 4 : Scale",,Q13: Which of Kremen's Topics does this paper address?,KremenTopics,,,Q13,,206,Appended KT 4:Scale (has multi time or spatial scale but KT 4 not checked),AK,AIS,2,1,